year,metric,value_krw,original_value,original_unit,basis,audit_note,table_header,evidence_context,company,sector,source_url,report_id,collected_at,section
2025,매출액,97146675000000,"97,146,675",백만원,연결,,"구분 제78기 제77기 제76기 [유동자산] 69,458,073 42,278,887 30,468,100 ㆍ현금및현금성자산 14,923,766 11,205,117 7,587,329 ㆍ단기금융상품 14,679,719 2,382,010 472,617","
 
 1. 요약재무정보 
 
 가. 요약연결재무정보 
 
 
 
 
 
 
 (단위: 백만원) 
 
 
 
",SK하이닉스,반도체,https://kind.krx.co.kr/external/2026/03/17/000735/20260317002879/11011.htm,20260317002879,2026-09-13T06:23:33.678036+00:00,III. 재무에 관한 사항 / 요약재무정보
2024,매출액,66192960000000,"66,192,960",백만원,연결,,"구분 제78기 제77기 제76기 [유동자산] 69,458,073 42,278,887 30,468,100 ㆍ현금및현금성자산 14,923,766 11,205,117 7,587,329 ㆍ단기금융상품 14,679,719 2,382,010 472,617","
 
 1. 요약재무정보 
 
 가. 요약연결재무정보 
 
 
 
 
 
 
 (단위: 백만원) 
 
 
 
",SK하이닉스,반도체,https://kind.krx.co.kr/external/2026/03/17/000735/20260317002879/11011.htm,20260317002879,2026-09-13T06:23:33.678036+00:00,III. 재무에 관한 사항 / 요약재무정보
2023,매출액,32765719000000,"32,765,719",백만원,연결,,"구분 제78기 제77기 제76기 [유동자산] 69,458,073 42,278,887 30,468,100 ㆍ현금및현금성자산 14,923,766 11,205,117 7,587,329 ㆍ단기금융상품 14,679,719 2,382,010 472,617","
 
 1. 요약재무정보 
 
 가. 요약연결재무정보 
 
 
 
 
 
 
 (단위: 백만원) 
 
 
 
",SK하이닉스,반도체,https://kind.krx.co.kr/external/2026/03/17/000735/20260317002879/11011.htm,20260317002879,2026-09-13T06:23:33.678036+00:00,III. 재무에 관한 사항 / 요약재무정보
2025,영업이익,47206319000000,"47,206,319",백만원,연결,,"구분 제78기 제77기 제76기 [유동자산] 69,458,073 42,278,887 30,468,100 ㆍ현금및현금성자산 14,923,766 11,205,117 7,587,329 ㆍ단기금융상품 14,679,719 2,382,010 472,617","
 
 1. 요약재무정보 
 
 가. 요약연결재무정보 
 
 
 
 
 
 
 (단위: 백만원) 
 
 
 
",SK하이닉스,반도체,https://kind.krx.co.kr/external/2026/03/17/000735/20260317002879/11011.htm,20260317002879,2026-09-13T06:23:33.678036+00:00,III. 재무에 관한 사항 / 요약재무정보
2024,영업이익,23467319000000,"23,467,319",백만원,연결,,"구분 제78기 제77기 제76기 [유동자산] 69,458,073 42,278,887 30,468,100 ㆍ현금및현금성자산 14,923,766 11,205,117 7,587,329 ㆍ단기금융상품 14,679,719 2,382,010 472,617","
 
 1. 요약재무정보 
 
 가. 요약연결재무정보 
 
 
 
 
 
 
 (단위: 백만원) 
 
 
 
",SK하이닉스,반도체,https://kind.krx.co.kr/external/2026/03/17/000735/20260317002879/11011.htm,20260317002879,2026-09-13T06:23:33.678036+00:00,III. 재무에 관한 사항 / 요약재무정보
2023,영업이익,-7730313000000,"(7,730,313)",백만원,연결,,"구분 제78기 제77기 제76기 [유동자산] 69,458,073 42,278,887 30,468,100 ㆍ현금및현금성자산 14,923,766 11,205,117 7,587,329 ㆍ단기금융상품 14,679,719 2,382,010 472,617","
 
 1. 요약재무정보 
 
 가. 요약연결재무정보 
 
 
 
 
 
 
 (단위: 백만원) 
 
 
 
",SK하이닉스,반도체,https://kind.krx.co.kr/external/2026/03/17/000735/20260317002879/11011.htm,20260317002879,2026-09-13T06:23:33.678036+00:00,III. 재무에 관한 사항 / 요약재무정보
2025,매출액,1397233000000,"1,397,233",백만원,연결,,"구 분 제73기 제72기 제71기 [유동자산] 1,435,681 1,194,370 1,027,983 ㆍ현금및현금성자산 323,054 297,054 253,330 ㆍ단기금융상품 132,809 138,107 339,946","
 1. 요약재무정보 
 - 요약재무정보(연결) 
 
 
 
 
 
 
 (단위:백만원) 
 
 
 
",DB하이텍,반도체,https://kind.krx.co.kr/external/2026/03/16/001993/20260316005760/11011.htm,20260316005760,2026-09-13T06:23:26.255548+00:00,III. 재무에 관한 사항 / 요약재무정보
2024,매출액,1131168000000,"1,131,168",백만원,연결,,"구 분 제73기 제72기 제71기 [유동자산] 1,435,681 1,194,370 1,027,983 ㆍ현금및현금성자산 323,054 297,054 253,330 ㆍ단기금융상품 132,809 138,107 339,946","
 1. 요약재무정보 
 - 요약재무정보(연결) 
 
 
 
 
 
 
 (단위:백만원) 
 
 
 
",DB하이텍,반도체,https://kind.krx.co.kr/external/2026/03/16/001993/20260316005760/11011.htm,20260316005760,2026-09-13T06:23:26.255548+00:00,III. 재무에 관한 사항 / 요약재무정보
2023,매출액,1154224000000,"1,154,224",백만원,연결,,"구 분 제73기 제72기 제71기 [유동자산] 1,435,681 1,194,370 1,027,983 ㆍ현금및현금성자산 323,054 297,054 253,330 ㆍ단기금융상품 132,809 138,107 339,946","
 1. 요약재무정보 
 - 요약재무정보(연결) 
 
 
 
 
 
 
 (단위:백만원) 
 
 
 
",DB하이텍,반도체,https://kind.krx.co.kr/external/2026/03/16/001993/20260316005760/11011.htm,20260316005760,2026-09-13T06:23:26.255548+00:00,III. 재무에 관한 사항 / 요약재무정보
2025,영업이익,277295000000,"277,295",백만원,연결,,"구 분 제73기 제72기 제71기 [유동자산] 1,435,681 1,194,370 1,027,983 ㆍ현금및현금성자산 323,054 297,054 253,330 ㆍ단기금융상품 132,809 138,107 339,946","
 1. 요약재무정보 
 - 요약재무정보(연결) 
 
 
 
 
 
 
 (단위:백만원) 
 
 
 
",DB하이텍,반도체,https://kind.krx.co.kr/external/2026/03/16/001993/20260316005760/11011.htm,20260316005760,2026-09-13T06:23:26.255548+00:00,III. 재무에 관한 사항 / 요약재무정보
2024,영업이익,190839000000,"190,839",백만원,연결,,"구 분 제73기 제72기 제71기 [유동자산] 1,435,681 1,194,370 1,027,983 ㆍ현금및현금성자산 323,054 297,054 253,330 ㆍ단기금융상품 132,809 138,107 339,946","
 1. 요약재무정보 
 - 요약재무정보(연결) 
 
 
 
 
 
 
 (단위:백만원) 
 
 
 
",DB하이텍,반도체,https://kind.krx.co.kr/external/2026/03/16/001993/20260316005760/11011.htm,20260316005760,2026-09-13T06:23:26.255548+00:00,III. 재무에 관한 사항 / 요약재무정보
2023,영업이익,265437000000,"265,437",백만원,연결,,"구 분 제73기 제72기 제71기 [유동자산] 1,435,681 1,194,370 1,027,983 ㆍ현금및현금성자산 323,054 297,054 253,330 ㆍ단기금융상품 132,809 138,107 339,946","
 1. 요약재무정보 
 - 요약재무정보(연결) 
 
 
 
 
 
 
 (단위:백만원) 
 
 
 
",DB하이텍,반도체,https://kind.krx.co.kr/external/2026/03/16/001993/20260316005760/11011.htm,20260316005760,2026-09-13T06:23:26.255548+00:00,III. 재무에 관한 사항 / 요약재무정보
2025,매출액,302230571186,"302,230,571,186",원,연결,,"과          목 제26기 제25기 제24기 연결 (2025년말) (2024년말) (2023년말) [유동자산] 280,400,652,016 175,914,531,374 152,547,922,968 ·당좌자산 185,724,691,123 75,794,755,317 79,770,930,905","
 
 1. 요약재무정보 
 
 연결회사 제26기, 제25기, 제24기 재무제표(연결, 별도 포함)는 한국채택 국제회계기준에 따라 작성되었으며, 외부감사인의 감사를 받았습니다.  (1) 연결 재무정보                                                                                              (단위 : 원)
 
",제주반도체,반도체,https://kind.krx.co.kr/external/2026/03/23/001354/20260323006006/11011.htm,20260323006006,2026-09-13T06:23:23.327731+00:00,III. 재무에 관한 사항 / 요약재무정보
2024,매출액,162349945455,"162,349,945,455",원,연결,,"과          목 제26기 제25기 제24기 연결 (2025년말) (2024년말) (2023년말) [유동자산] 280,400,652,016 175,914,531,374 152,547,922,968 ·당좌자산 185,724,691,123 75,794,755,317 79,770,930,905","
 
 1. 요약재무정보 
 
 연결회사 제26기, 제25기, 제24기 재무제표(연결, 별도 포함)는 한국채택 국제회계기준에 따라 작성되었으며, 외부감사인의 감사를 받았습니다.  (1) 연결 재무정보                                                                                              (단위 : 원)
 
",제주반도체,반도체,https://kind.krx.co.kr/external/2026/03/23/001354/20260323006006/11011.htm,20260323006006,2026-09-13T06:23:23.327731+00:00,III. 재무에 관한 사항 / 요약재무정보
2023,매출액,145899793599,"145,899,793,599",원,연결,,"과          목 제26기 제25기 제24기 연결 (2025년말) (2024년말) (2023년말) [유동자산] 280,400,652,016 175,914,531,374 152,547,922,968 ·당좌자산 185,724,691,123 75,794,755,317 79,770,930,905","
 
 1. 요약재무정보 
 
 연결회사 제26기, 제25기, 제24기 재무제표(연결, 별도 포함)는 한국채택 국제회계기준에 따라 작성되었으며, 외부감사인의 감사를 받았습니다.  (1) 연결 재무정보                                                                                              (단위 : 원)
 
",제주반도체,반도체,https://kind.krx.co.kr/external/2026/03/23/001354/20260323006006/11011.htm,20260323006006,2026-09-13T06:23:23.327731+00:00,III. 재무에 관한 사항 / 요약재무정보
2025,영업이익,35873972312,"35,873,972,312",원,연결,,"과          목 제26기 제25기 제24기 연결 (2025년말) (2024년말) (2023년말) [유동자산] 280,400,652,016 175,914,531,374 152,547,922,968 ·당좌자산 185,724,691,123 75,794,755,317 79,770,930,905","
 
 1. 요약재무정보 
 
 연결회사 제26기, 제25기, 제24기 재무제표(연결, 별도 포함)는 한국채택 국제회계기준에 따라 작성되었으며, 외부감사인의 감사를 받았습니다.  (1) 연결 재무정보                                                                                              (단위 : 원)
 
",제주반도체,반도체,https://kind.krx.co.kr/external/2026/03/23/001354/20260323006006/11011.htm,20260323006006,2026-09-13T06:23:23.327731+00:00,III. 재무에 관한 사항 / 요약재무정보
2024,영업이익,9581360274,"9,581,360,274",원,연결,,"과          목 제26기 제25기 제24기 연결 (2025년말) (2024년말) (2023년말) [유동자산] 280,400,652,016 175,914,531,374 152,547,922,968 ·당좌자산 185,724,691,123 75,794,755,317 79,770,930,905","
 
 1. 요약재무정보 
 
 연결회사 제26기, 제25기, 제24기 재무제표(연결, 별도 포함)는 한국채택 국제회계기준에 따라 작성되었으며, 외부감사인의 감사를 받았습니다.  (1) 연결 재무정보                                                                                              (단위 : 원)
 
",제주반도체,반도체,https://kind.krx.co.kr/external/2026/03/23/001354/20260323006006/11011.htm,20260323006006,2026-09-13T06:23:23.327731+00:00,III. 재무에 관한 사항 / 요약재무정보
2023,영업이익,17838425308,"17,838,425,308",원,연결,,"과          목 제26기 제25기 제24기 연결 (2025년말) (2024년말) (2023년말) [유동자산] 280,400,652,016 175,914,531,374 152,547,922,968 ·당좌자산 185,724,691,123 75,794,755,317 79,770,930,905","
 
 1. 요약재무정보 
 
 연결회사 제26기, 제25기, 제24기 재무제표(연결, 별도 포함)는 한국채택 국제회계기준에 따라 작성되었으며, 외부감사인의 감사를 받았습니다.  (1) 연결 재무정보                                                                                              (단위 : 원)
 
",제주반도체,반도체,https://kind.krx.co.kr/external/2026/03/23/001354/20260323006006/11011.htm,20260323006006,2026-09-13T06:23:23.327731+00:00,III. 재무에 관한 사항 / 요약재무정보
2025,매출액,192802000000,"192,802",백만원,연결,,"구 분 제27기 제26기 제25기 [유동자산] 136,229 139,782 162,367 ㆍ현금및현금성자산 23,196 30,003 16,154 ㆍ기타유동금융자산 27,847 42,330 80,906","
 1. 요약재무정보 
 가. 요약 연결재무정보 제27기, 제26기, 제25기 재무정보는 한국채택국제회계기준(K-IFRS) 연결재무제표 기준으로 작성되었습니다. 
 
 
 
 
 
 
 
 (단위 : 백만원) 
 
 
 
",텔레칩스,반도체,https://kind.krx.co.kr/external/2026/03/23/001319/20260323005824/11011.htm,20260323005824,2026-09-13T06:23:21.461631+00:00,III. 재무에 관한 사항 / 요약재무정보
2024,매출액,186616000000,"186,616",백만원,연결,,"구 분 제27기 제26기 제25기 [유동자산] 136,229 139,782 162,367 ㆍ현금및현금성자산 23,196 30,003 16,154 ㆍ기타유동금융자산 27,847 42,330 80,906","
 1. 요약재무정보 
 가. 요약 연결재무정보 제27기, 제26기, 제25기 재무정보는 한국채택국제회계기준(K-IFRS) 연결재무제표 기준으로 작성되었습니다. 
 
 
 
 
 
 
 
 (단위 : 백만원) 
 
 
 
",텔레칩스,반도체,https://kind.krx.co.kr/external/2026/03/23/001319/20260323005824/11011.htm,20260323005824,2026-09-13T06:23:21.461631+00:00,III. 재무에 관한 사항 / 요약재무정보
2023,매출액,191095000000,"191,095",백만원,연결,,"구 분 제27기 제26기 제25기 [유동자산] 136,229 139,782 162,367 ㆍ현금및현금성자산 23,196 30,003 16,154 ㆍ기타유동금융자산 27,847 42,330 80,906","
 1. 요약재무정보 
 가. 요약 연결재무정보 제27기, 제26기, 제25기 재무정보는 한국채택국제회계기준(K-IFRS) 연결재무제표 기준으로 작성되었습니다. 
 
 
 
 
 
 
 
 (단위 : 백만원) 
 
 
 
",텔레칩스,반도체,https://kind.krx.co.kr/external/2026/03/23/001319/20260323005824/11011.htm,20260323005824,2026-09-13T06:23:21.461631+00:00,III. 재무에 관한 사항 / 요약재무정보
2025,영업이익,-6189000000,"(6,189)",백만원,연결,,"구 분 제27기 제26기 제25기 [유동자산] 136,229 139,782 162,367 ㆍ현금및현금성자산 23,196 30,003 16,154 ㆍ기타유동금융자산 27,847 42,330 80,906","
 1. 요약재무정보 
 가. 요약 연결재무정보 제27기, 제26기, 제25기 재무정보는 한국채택국제회계기준(K-IFRS) 연결재무제표 기준으로 작성되었습니다. 
 
 
 
 
 
 
 
 (단위 : 백만원) 
 
 
 
",텔레칩스,반도체,https://kind.krx.co.kr/external/2026/03/23/001319/20260323005824/11011.htm,20260323005824,2026-09-13T06:23:21.461631+00:00,III. 재무에 관한 사항 / 요약재무정보
2024,영업이익,4874000000,"4,874",백만원,연결,,"구 분 제27기 제26기 제25기 [유동자산] 136,229 139,782 162,367 ㆍ현금및현금성자산 23,196 30,003 16,154 ㆍ기타유동금융자산 27,847 42,330 80,906","
 1. 요약재무정보 
 가. 요약 연결재무정보 제27기, 제26기, 제25기 재무정보는 한국채택국제회계기준(K-IFRS) 연결재무제표 기준으로 작성되었습니다. 
 
 
 
 
 
 
 
 (단위 : 백만원) 
 
 
 
",텔레칩스,반도체,https://kind.krx.co.kr/external/2026/03/23/001319/20260323005824/11011.htm,20260323005824,2026-09-13T06:23:21.461631+00:00,III. 재무에 관한 사항 / 요약재무정보
2023,영업이익,16777000000,"16,777",백만원,연결,,"구 분 제27기 제26기 제25기 [유동자산] 136,229 139,782 162,367 ㆍ현금및현금성자산 23,196 30,003 16,154 ㆍ기타유동금융자산 27,847 42,330 80,906","
 1. 요약재무정보 
 가. 요약 연결재무정보 제27기, 제26기, 제25기 재무정보는 한국채택국제회계기준(K-IFRS) 연결재무제표 기준으로 작성되었습니다. 
 
 
 
 
 
 
 
 (단위 : 백만원) 
 
 
 
",텔레칩스,반도체,https://kind.krx.co.kr/external/2026/03/23/001319/20260323005824/11011.htm,20260323005824,2026-09-13T06:23:21.461631+00:00,III. 재무에 관한 사항 / 요약재무정보
2025,매출액,244123643799,"244,123,643,799",원,연결,,"구 분 제20기 제19기 제18기 2025년 2024년 2023년 [유동자산] 124,868,618,492 126,223,672,324 109,505,921,106 현금및현금성자산 18,270,298,972 30,971,849,914 43,417,473,689","
 1. 요약재무정보 
 
 당사는 국제회계기준을 채택하여 제정한 한국채택국제회계기준(K-IFRS)을 도입하였으며, 당사의 제20기(2025년), 제19기(2024년), 제18기(2023년) 연결 및 별도 재무제표는 외부감사인의 감사를 받은 재무제표 입니다.  
 (1) 요약연결재무정보 
 
 
 
 
 
 
 
 (단위: 원) 
 
 
 
",어보브반도체,반도체,https://kind.krx.co.kr/external/2026/03/19/000022/20260319000218/11011.htm,20260319000218,2026-09-13T06:24:49.755164+00:00,III. 재무에 관한 사항 / 요약재무정보
2024,매출액,232116611005,"232,116,611,005",원,연결,,"구 분 제20기 제19기 제18기 2025년 2024년 2023년 [유동자산] 124,868,618,492 126,223,672,324 109,505,921,106 현금및현금성자산 18,270,298,972 30,971,849,914 43,417,473,689","
 1. 요약재무정보 
 
 당사는 국제회계기준을 채택하여 제정한 한국채택국제회계기준(K-IFRS)을 도입하였으며, 당사의 제20기(2025년), 제19기(2024년), 제18기(2023년) 연결 및 별도 재무제표는 외부감사인의 감사를 받은 재무제표 입니다.  
 (1) 요약연결재무정보 
 
 
 
 
 
 
 
 (단위: 원) 
 
 
 
",어보브반도체,반도체,https://kind.krx.co.kr/external/2026/03/19/000022/20260319000218/11011.htm,20260319000218,2026-09-13T06:24:49.755164+00:00,III. 재무에 관한 사항 / 요약재무정보
2023,매출액,232436389092,"232,436,389,092",원,연결,,"구 분 제20기 제19기 제18기 2025년 2024년 2023년 [유동자산] 124,868,618,492 126,223,672,324 109,505,921,106 현금및현금성자산 18,270,298,972 30,971,849,914 43,417,473,689","
 1. 요약재무정보 
 
 당사는 국제회계기준을 채택하여 제정한 한국채택국제회계기준(K-IFRS)을 도입하였으며, 당사의 제20기(2025년), 제19기(2024년), 제18기(2023년) 연결 및 별도 재무제표는 외부감사인의 감사를 받은 재무제표 입니다.  
 (1) 요약연결재무정보 
 
 
 
 
 
 
 
 (단위: 원) 
 
 
 
",어보브반도체,반도체,https://kind.krx.co.kr/external/2026/03/19/000022/20260319000218/11011.htm,20260319000218,2026-09-13T06:24:49.755164+00:00,III. 재무에 관한 사항 / 요약재무정보
2025,영업이익,10148185090,"10,148,185,090",원,연결,,"구 분 제20기 제19기 제18기 2025년 2024년 2023년 [유동자산] 124,868,618,492 126,223,672,324 109,505,921,106 현금및현금성자산 18,270,298,972 30,971,849,914 43,417,473,689","
 1. 요약재무정보 
 
 당사는 국제회계기준을 채택하여 제정한 한국채택국제회계기준(K-IFRS)을 도입하였으며, 당사의 제20기(2025년), 제19기(2024년), 제18기(2023년) 연결 및 별도 재무제표는 외부감사인의 감사를 받은 재무제표 입니다.  
 (1) 요약연결재무정보 
 
 
 
 
 
 
 
 (단위: 원) 
 
 
 
",어보브반도체,반도체,https://kind.krx.co.kr/external/2026/03/19/000022/20260319000218/11011.htm,20260319000218,2026-09-13T06:24:49.755164+00:00,III. 재무에 관한 사항 / 요약재무정보
2024,영업이익,-5100374191,"(5,100,374,191)",원,연결,,"구 분 제20기 제19기 제18기 2025년 2024년 2023년 [유동자산] 124,868,618,492 126,223,672,324 109,505,921,106 현금및현금성자산 18,270,298,972 30,971,849,914 43,417,473,689","
 1. 요약재무정보 
 
 당사는 국제회계기준을 채택하여 제정한 한국채택국제회계기준(K-IFRS)을 도입하였으며, 당사의 제20기(2025년), 제19기(2024년), 제18기(2023년) 연결 및 별도 재무제표는 외부감사인의 감사를 받은 재무제표 입니다.  
 (1) 요약연결재무정보 
 
 
 
 
 
 
 
 (단위: 원) 
 
 
 
",어보브반도체,반도체,https://kind.krx.co.kr/external/2026/03/19/000022/20260319000218/11011.htm,20260319000218,2026-09-13T06:24:49.755164+00:00,III. 재무에 관한 사항 / 요약재무정보
2023,영업이익,-14643077325,"(14,643,077,325)",원,연결,,"구 분 제20기 제19기 제18기 2025년 2024년 2023년 [유동자산] 124,868,618,492 126,223,672,324 109,505,921,106 현금및현금성자산 18,270,298,972 30,971,849,914 43,417,473,689","
 1. 요약재무정보 
 
 당사는 국제회계기준을 채택하여 제정한 한국채택국제회계기준(K-IFRS)을 도입하였으며, 당사의 제20기(2025년), 제19기(2024년), 제18기(2023년) 연결 및 별도 재무제표는 외부감사인의 감사를 받은 재무제표 입니다.  
 (1) 요약연결재무정보 
 
 
 
 
 
 
 
 (단위: 원) 
 
 
 
",어보브반도체,반도체,https://kind.krx.co.kr/external/2026/03/19/000022/20260319000218/11011.htm,20260319000218,2026-09-13T06:24:49.755164+00:00,III. 재무에 관한 사항 / 요약재무정보
2025,매출액,39653512000,"39,653,512",천원,별도,,"과   목 제7기 (2025.12.31) 제6기 (2024.12.31) 제5기 (2023.12.31) 회계처리 기준 K-IFRS K-IFRS K-IFRS 감사인(감사의견) 삼일회계법인(적정) 삼일회계법인(적정) 삼일회계법인(적정) Ⅰ. 유동자산 38,722,528 39,784,701 50,854,949","
 1. 요약재무정보 
 
 가. 요약연결재무정보 ※ 당사는 사업보고서 제출일 현재 해당사항 없음. 
 
 나. 요약개별재무정보 
 
 
 
 
 
 
 (단위: 천원) 
 
 
 
",넥스트칩,반도체,https://kind.krx.co.kr/external/2026/03/17/000791/20260317003083/11011.htm,20260317003083,2026-09-13T06:25:31.513660+00:00,III. 재무에 관한 사항 / 요약재무정보
2024,매출액,32252135000,"32,252,135",천원,별도,,"과   목 제7기 (2025.12.31) 제6기 (2024.12.31) 제5기 (2023.12.31) 회계처리 기준 K-IFRS K-IFRS K-IFRS 감사인(감사의견) 삼일회계법인(적정) 삼일회계법인(적정) 삼일회계법인(적정) Ⅰ. 유동자산 38,722,528 39,784,701 50,854,949","
 1. 요약재무정보 
 
 가. 요약연결재무정보 ※ 당사는 사업보고서 제출일 현재 해당사항 없음. 
 
 나. 요약개별재무정보 
 
 
 
 
 
 
 (단위: 천원) 
 
 
 
",넥스트칩,반도체,https://kind.krx.co.kr/external/2026/03/17/000791/20260317003083/11011.htm,20260317003083,2026-09-13T06:25:31.513660+00:00,III. 재무에 관한 사항 / 요약재무정보
2023,매출액,16154133000,"16,154,133",천원,별도,,"과   목 제7기 (2025.12.31) 제6기 (2024.12.31) 제5기 (2023.12.31) 회계처리 기준 K-IFRS K-IFRS K-IFRS 감사인(감사의견) 삼일회계법인(적정) 삼일회계법인(적정) 삼일회계법인(적정) Ⅰ. 유동자산 38,722,528 39,784,701 50,854,949","
 1. 요약재무정보 
 
 가. 요약연결재무정보 ※ 당사는 사업보고서 제출일 현재 해당사항 없음. 
 
 나. 요약개별재무정보 
 
 
 
 
 
 
 (단위: 천원) 
 
 
 
",넥스트칩,반도체,https://kind.krx.co.kr/external/2026/03/17/000791/20260317003083/11011.htm,20260317003083,2026-09-13T06:25:31.513660+00:00,III. 재무에 관한 사항 / 요약재무정보
2025,영업이익,-12936402000,"(12,936,402)",천원,별도,,"과   목 제7기 (2025.12.31) 제6기 (2024.12.31) 제5기 (2023.12.31) 회계처리 기준 K-IFRS K-IFRS K-IFRS 감사인(감사의견) 삼일회계법인(적정) 삼일회계법인(적정) 삼일회계법인(적정) Ⅰ. 유동자산 38,722,528 39,784,701 50,854,949","
 1. 요약재무정보 
 
 가. 요약연결재무정보 ※ 당사는 사업보고서 제출일 현재 해당사항 없음. 
 
 나. 요약개별재무정보 
 
 
 
 
 
 
 (단위: 천원) 
 
 
 
",넥스트칩,반도체,https://kind.krx.co.kr/external/2026/03/17/000791/20260317003083/11011.htm,20260317003083,2026-09-13T06:25:31.513660+00:00,III. 재무에 관한 사항 / 요약재무정보
2024,영업이익,-18439060000,"(18,439,060)",천원,별도,,"과   목 제7기 (2025.12.31) 제6기 (2024.12.31) 제5기 (2023.12.31) 회계처리 기준 K-IFRS K-IFRS K-IFRS 감사인(감사의견) 삼일회계법인(적정) 삼일회계법인(적정) 삼일회계법인(적정) Ⅰ. 유동자산 38,722,528 39,784,701 50,854,949","
 1. 요약재무정보 
 
 가. 요약연결재무정보 ※ 당사는 사업보고서 제출일 현재 해당사항 없음. 
 
 나. 요약개별재무정보 
 
 
 
 
 
 
 (단위: 천원) 
 
 
 
",넥스트칩,반도체,https://kind.krx.co.kr/external/2026/03/17/000791/20260317003083/11011.htm,20260317003083,2026-09-13T06:25:31.513660+00:00,III. 재무에 관한 사항 / 요약재무정보
2023,영업이익,-22516720000,"(22,516,720)",천원,별도,,"과   목 제7기 (2025.12.31) 제6기 (2024.12.31) 제5기 (2023.12.31) 회계처리 기준 K-IFRS K-IFRS K-IFRS 감사인(감사의견) 삼일회계법인(적정) 삼일회계법인(적정) 삼일회계법인(적정) Ⅰ. 유동자산 38,722,528 39,784,701 50,854,949","
 1. 요약재무정보 
 
 가. 요약연결재무정보 ※ 당사는 사업보고서 제출일 현재 해당사항 없음. 
 
 나. 요약개별재무정보 
 
 
 
 
 
 
 (단위: 천원) 
 
 
 
",넥스트칩,반도체,https://kind.krx.co.kr/external/2026/03/17/000791/20260317003083/11011.htm,20260317003083,2026-09-13T06:25:31.513660+00:00,III. 재무에 관한 사항 / 요약재무정보
2025,매출액,68510000000,"68,510",백만원,연결,,"사업연도 제 14기 (2025년) 제 13기 (2024년 12월말) 제 12기 (2023년 12월말) 회계처리 기준 (K-IFRS) (K-IFRS) (K-IFRS) [유동자산] 111,616 74,720 64,354 현금및현금성자산 52,726 18,716 6,998","
 1. 요약재무정보 
 
 가. 요약연결재무정보 
 
 
 
 
 
 
 
 
 (단위 : 백만원) 
 
 
 
",가온칩스,반도체,https://kind.krx.co.kr/external/2026/03/19/001715/20260319006993/11011.htm,20260319006993,2026-09-13T06:26:26.698287+00:00,III. 재무에 관한 사항 / 요약재무정보
2024,매출액,96492000000,"96,492",백만원,연결,,"사업연도 제 14기 (2025년) 제 13기 (2024년 12월말) 제 12기 (2023년 12월말) 회계처리 기준 (K-IFRS) (K-IFRS) (K-IFRS) [유동자산] 111,616 74,720 64,354 현금및현금성자산 52,726 18,716 6,998","
 1. 요약재무정보 
 
 가. 요약연결재무정보 
 
 
 
 
 
 
 
 
 (단위 : 백만원) 
 
 
 
",가온칩스,반도체,https://kind.krx.co.kr/external/2026/03/19/001715/20260319006993/11011.htm,20260319006993,2026-09-13T06:26:26.698287+00:00,III. 재무에 관한 사항 / 요약재무정보
2023,매출액,63597000000,"63,597",백만원,연결,,"사업연도 제 14기 (2025년) 제 13기 (2024년 12월말) 제 12기 (2023년 12월말) 회계처리 기준 (K-IFRS) (K-IFRS) (K-IFRS) [유동자산] 111,616 74,720 64,354 현금및현금성자산 52,726 18,716 6,998","
 1. 요약재무정보 
 
 가. 요약연결재무정보 
 
 
 
 
 
 
 
 
 (단위 : 백만원) 
 
 
 
",가온칩스,반도체,https://kind.krx.co.kr/external/2026/03/19/001715/20260319006993/11011.htm,20260319006993,2026-09-13T06:26:26.698287+00:00,III. 재무에 관한 사항 / 요약재무정보
2025,영업이익,-16721000000,"(16,721)",백만원,연결,,"사업연도 제 14기 (2025년) 제 13기 (2024년 12월말) 제 12기 (2023년 12월말) 회계처리 기준 (K-IFRS) (K-IFRS) (K-IFRS) [유동자산] 111,616 74,720 64,354 현금및현금성자산 52,726 18,716 6,998","
 1. 요약재무정보 
 
 가. 요약연결재무정보 
 
 
 
 
 
 
 
 
 (단위 : 백만원) 
 
 
 
",가온칩스,반도체,https://kind.krx.co.kr/external/2026/03/19/001715/20260319006993/11011.htm,20260319006993,2026-09-13T06:26:26.698287+00:00,III. 재무에 관한 사항 / 요약재무정보
2024,영업이익,3525000000,"3,525",백만원,연결,,"사업연도 제 14기 (2025년) 제 13기 (2024년 12월말) 제 12기 (2023년 12월말) 회계처리 기준 (K-IFRS) (K-IFRS) (K-IFRS) [유동자산] 111,616 74,720 64,354 현금및현금성자산 52,726 18,716 6,998","
 1. 요약재무정보 
 
 가. 요약연결재무정보 
 
 
 
 
 
 
 
 
 (단위 : 백만원) 
 
 
 
",가온칩스,반도체,https://kind.krx.co.kr/external/2026/03/19/001715/20260319006993/11011.htm,20260319006993,2026-09-13T06:26:26.698287+00:00,III. 재무에 관한 사항 / 요약재무정보
2023,영업이익,4352000000,"4,352",백만원,연결,,"사업연도 제 14기 (2025년) 제 13기 (2024년 12월말) 제 12기 (2023년 12월말) 회계처리 기준 (K-IFRS) (K-IFRS) (K-IFRS) [유동자산] 111,616 74,720 64,354 현금및현금성자산 52,726 18,716 6,998","
 1. 요약재무정보 
 
 가. 요약연결재무정보 
 
 
 
 
 
 
 
 
 (단위 : 백만원) 
 
 
 
",가온칩스,반도체,https://kind.krx.co.kr/external/2026/03/19/001715/20260319006993/11011.htm,20260319006993,2026-09-13T06:26:26.698287+00:00,III. 재무에 관한 사항 / 요약재무정보
2025,매출액,164512000000,"164,512",백만원,연결,,"구 분 제 24기 (25년 12월말) 제 23기 (24년 12월말) 제 22기 (23년 12월말) [유동자산] 135,274 123,943 179,753 ㆍ당좌자산 133,148 120,734 172,694 ㆍ재고자산 2,126 3,209 7,059","
 1. 요약재무정보 
 
 가. 요약연결재무정보 
                                                                                                   (단위: 백만원) 
",에이디테크놀로지,반도체,https://kind.krx.co.kr/external/2026/03/20/001996/20260320006989/11011.htm,20260320006989,2026-09-13T06:27:08.499508+00:00,III. 재무에 관한 사항 / 요약재무정보
2024,매출액,106545000000,"106,545",백만원,연결,,"구 분 제 24기 (25년 12월말) 제 23기 (24년 12월말) 제 22기 (23년 12월말) [유동자산] 135,274 123,943 179,753 ㆍ당좌자산 133,148 120,734 172,694 ㆍ재고자산 2,126 3,209 7,059","
 1. 요약재무정보 
 
 가. 요약연결재무정보 
                                                                                                   (단위: 백만원) 
",에이디테크놀로지,반도체,https://kind.krx.co.kr/external/2026/03/20/001996/20260320006989/11011.htm,20260320006989,2026-09-13T06:27:08.499508+00:00,III. 재무에 관한 사항 / 요약재무정보
2023,매출액,100172000000,"100,172",백만원,연결,,"구 분 제 24기 (25년 12월말) 제 23기 (24년 12월말) 제 22기 (23년 12월말) [유동자산] 135,274 123,943 179,753 ㆍ당좌자산 133,148 120,734 172,694 ㆍ재고자산 2,126 3,209 7,059","
 1. 요약재무정보 
 
 가. 요약연결재무정보 
                                                                                                   (단위: 백만원) 
",에이디테크놀로지,반도체,https://kind.krx.co.kr/external/2026/03/20/001996/20260320006989/11011.htm,20260320006989,2026-09-13T06:27:08.499508+00:00,III. 재무에 관한 사항 / 요약재무정보
2025,영업이익,2853000000,"2,853",백만원,연결,,"구 분 제 24기 (25년 12월말) 제 23기 (24년 12월말) 제 22기 (23년 12월말) [유동자산] 135,274 123,943 179,753 ㆍ당좌자산 133,148 120,734 172,694 ㆍ재고자산 2,126 3,209 7,059","
 1. 요약재무정보 
 
 가. 요약연결재무정보 
                                                                                                   (단위: 백만원) 
",에이디테크놀로지,반도체,https://kind.krx.co.kr/external/2026/03/20/001996/20260320006989/11011.htm,20260320006989,2026-09-13T06:27:08.499508+00:00,III. 재무에 관한 사항 / 요약재무정보
2024,영업이익,-16954000000,"-16,954",백만원,연결,,"구 분 제 24기 (25년 12월말) 제 23기 (24년 12월말) 제 22기 (23년 12월말) [유동자산] 135,274 123,943 179,753 ㆍ당좌자산 133,148 120,734 172,694 ㆍ재고자산 2,126 3,209 7,059","
 1. 요약재무정보 
 
 가. 요약연결재무정보 
                                                                                                   (단위: 백만원) 
",에이디테크놀로지,반도체,https://kind.krx.co.kr/external/2026/03/20/001996/20260320006989/11011.htm,20260320006989,2026-09-13T06:27:08.499508+00:00,III. 재무에 관한 사항 / 요약재무정보
2023,영업이익,-17407000000,"-17,407",백만원,연결,,"구 분 제 24기 (25년 12월말) 제 23기 (24년 12월말) 제 22기 (23년 12월말) [유동자산] 135,274 123,943 179,753 ㆍ당좌자산 133,148 120,734 172,694 ㆍ재고자산 2,126 3,209 7,059","
 1. 요약재무정보 
 
 가. 요약연결재무정보 
                                                                                                   (단위: 백만원) 
",에이디테크놀로지,반도체,https://kind.krx.co.kr/external/2026/03/20/001996/20260320006989/11011.htm,20260320006989,2026-09-13T06:27:08.499508+00:00,III. 재무에 관한 사항 / 요약재무정보
2025,매출액,110999186000,"110,999,186",천원,별도,,"구 분 제19기 (2025년) 제18기 (2024년) 제17기 (2023년) 회계처리 기준 K-IFRS K-IFRS K-IFRS 감사인 (감사의견) 삼정회계법인 (적정) 한울회계법인 (적정) 한울회계법인 (적정) [유동자산] 40,586,421 26,469,625 34,333,962","
 1. 요약재무정보 
 
 요약 재무제표(K-IFRS 기준) 
 
 
 
 
 
 
 (단위: 천원) 
 
 
 
 연결재무제표 절: 해당사항 없습니다. 3. 연결재무제표 주석 해당사항 없습니다. 4. 재무제표 4-1. 재무상태표 재무상태표 제 19 기          2025.12.31 현재 제 18 기          2024.12.31 현재 제 17 기          2023.12.31 현재 (단위 : 원) 제 19 기 제 18 기 제 17 기 자산",에이팩트,반도체,https://kind.krx.co.kr/external/2026/03/23/002053/20260323008582/11011.htm,20260323008582,2026-09-13T06:31:25.118129+00:00,III. 재무에 관한 사항 / 요약재무정보
2024,매출액,86722561000,"86,722,561",천원,별도,,"구 분 제19기 (2025년) 제18기 (2024년) 제17기 (2023년) 회계처리 기준 K-IFRS K-IFRS K-IFRS 감사인 (감사의견) 삼정회계법인 (적정) 한울회계법인 (적정) 한울회계법인 (적정) [유동자산] 40,586,421 26,469,625 34,333,962","
 1. 요약재무정보 
 
 요약 재무제표(K-IFRS 기준) 
 
 
 
 
 
 
 (단위: 천원) 
 
 
 
 연결재무제표 절: 해당사항 없습니다. 3. 연결재무제표 주석 해당사항 없습니다. 4. 재무제표 4-1. 재무상태표 재무상태표 제 19 기          2025.12.31 현재 제 18 기          2024.12.31 현재 제 17 기          2023.12.31 현재 (단위 : 원) 제 19 기 제 18 기 제 17 기 자산",에이팩트,반도체,https://kind.krx.co.kr/external/2026/03/23/002053/20260323008582/11011.htm,20260323008582,2026-09-13T06:31:25.118129+00:00,III. 재무에 관한 사항 / 요약재무정보
2023,매출액,93742317000,"93,742,317",천원,별도,,"구 분 제19기 (2025년) 제18기 (2024년) 제17기 (2023년) 회계처리 기준 K-IFRS K-IFRS K-IFRS 감사인 (감사의견) 삼정회계법인 (적정) 한울회계법인 (적정) 한울회계법인 (적정) [유동자산] 40,586,421 26,469,625 34,333,962","
 1. 요약재무정보 
 
 요약 재무제표(K-IFRS 기준) 
 
 
 
 
 
 
 (단위: 천원) 
 
 
 
 연결재무제표 절: 해당사항 없습니다. 3. 연결재무제표 주석 해당사항 없습니다. 4. 재무제표 4-1. 재무상태표 재무상태표 제 19 기          2025.12.31 현재 제 18 기          2024.12.31 현재 제 17 기          2023.12.31 현재 (단위 : 원) 제 19 기 제 18 기 제 17 기 자산",에이팩트,반도체,https://kind.krx.co.kr/external/2026/03/23/002053/20260323008582/11011.htm,20260323008582,2026-09-13T06:31:25.118129+00:00,III. 재무에 관한 사항 / 요약재무정보
2025,영업이익,5267413000,"5,267,413",천원,별도,,"구 분 제19기 (2025년) 제18기 (2024년) 제17기 (2023년) 회계처리 기준 K-IFRS K-IFRS K-IFRS 감사인 (감사의견) 삼정회계법인 (적정) 한울회계법인 (적정) 한울회계법인 (적정) [유동자산] 40,586,421 26,469,625 34,333,962","
 1. 요약재무정보 
 
 요약 재무제표(K-IFRS 기준) 
 
 
 
 
 
 
 (단위: 천원) 
 
 
 
 연결재무제표 절: 해당사항 없습니다. 3. 연결재무제표 주석 해당사항 없습니다. 4. 재무제표 4-1. 재무상태표 재무상태표 제 19 기          2025.12.31 현재 제 18 기          2024.12.31 현재 제 17 기          2023.12.31 현재 (단위 : 원) 제 19 기 제 18 기 제 17 기 자산",에이팩트,반도체,https://kind.krx.co.kr/external/2026/03/23/002053/20260323008582/11011.htm,20260323008582,2026-09-13T06:31:25.118129+00:00,III. 재무에 관한 사항 / 요약재무정보
2024,영업이익,-21532802000,"(21,532,802)",천원,별도,,"구 분 제19기 (2025년) 제18기 (2024년) 제17기 (2023년) 회계처리 기준 K-IFRS K-IFRS K-IFRS 감사인 (감사의견) 삼정회계법인 (적정) 한울회계법인 (적정) 한울회계법인 (적정) [유동자산] 40,586,421 26,469,625 34,333,962","
 1. 요약재무정보 
 
 요약 재무제표(K-IFRS 기준) 
 
 
 
 
 
 
 (단위: 천원) 
 
 
 
 연결재무제표 절: 해당사항 없습니다. 3. 연결재무제표 주석 해당사항 없습니다. 4. 재무제표 4-1. 재무상태표 재무상태표 제 19 기          2025.12.31 현재 제 18 기          2024.12.31 현재 제 17 기          2023.12.31 현재 (단위 : 원) 제 19 기 제 18 기 제 17 기 자산",에이팩트,반도체,https://kind.krx.co.kr/external/2026/03/23/002053/20260323008582/11011.htm,20260323008582,2026-09-13T06:31:25.118129+00:00,III. 재무에 관한 사항 / 요약재무정보
2023,영업이익,-22880495000,"(22,880,495)",천원,별도,,"구 분 제19기 (2025년) 제18기 (2024년) 제17기 (2023년) 회계처리 기준 K-IFRS K-IFRS K-IFRS 감사인 (감사의견) 삼정회계법인 (적정) 한울회계법인 (적정) 한울회계법인 (적정) [유동자산] 40,586,421 26,469,625 34,333,962","
 1. 요약재무정보 
 
 요약 재무제표(K-IFRS 기준) 
 
 
 
 
 
 
 (단위: 천원) 
 
 
 
 연결재무제표 절: 해당사항 없습니다. 3. 연결재무제표 주석 해당사항 없습니다. 4. 재무제표 4-1. 재무상태표 재무상태표 제 19 기          2025.12.31 현재 제 18 기          2024.12.31 현재 제 17 기          2023.12.31 현재 (단위 : 원) 제 19 기 제 18 기 제 17 기 자산",에이팩트,반도체,https://kind.krx.co.kr/external/2026/03/23/002053/20260323008582/11011.htm,20260323008582,2026-09-13T06:31:25.118129+00:00,III. 재무에 관한 사항 / 요약재무정보
2025,매출액,103047000000,"103,047",백만원,연결,,"(단위 :  백만원) 구 분 제63기 제62기 제61기 (2025년 12월말) (2024년 12월말) (2023년 12월말) [유동자산] 34,375 27,615 49,483","
 1. 요약재무정보 
 
 가. 요약 연결재무정보 
",시그네틱스,반도체,https://kind.krx.co.kr/external/2026/03/19/000876/20260319003819/11011.htm,20260319003819,2026-09-13T06:31:25.119897+00:00,III. 재무에 관한 사항 / 요약재무정보
2024,매출액,118151000000,"118,151",백만원,연결,,"(단위 :  백만원) 구 분 제63기 제62기 제61기 (2025년 12월말) (2024년 12월말) (2023년 12월말) [유동자산] 34,375 27,615 49,483","
 1. 요약재무정보 
 
 가. 요약 연결재무정보 
",시그네틱스,반도체,https://kind.krx.co.kr/external/2026/03/19/000876/20260319003819/11011.htm,20260319003819,2026-09-13T06:31:25.119897+00:00,III. 재무에 관한 사항 / 요약재무정보
2023,매출액,185485000000,"185,485",백만원,연결,,"(단위 :  백만원) 구 분 제63기 제62기 제61기 (2025년 12월말) (2024년 12월말) (2023년 12월말) [유동자산] 34,375 27,615 49,483","
 1. 요약재무정보 
 
 가. 요약 연결재무정보 
",시그네틱스,반도체,https://kind.krx.co.kr/external/2026/03/19/000876/20260319003819/11011.htm,20260319003819,2026-09-13T06:31:25.119897+00:00,III. 재무에 관한 사항 / 요약재무정보
2025,영업이익,-23832000000,"-23,832",백만원,연결,,"(단위 :  백만원) 구 분 제63기 제62기 제61기 (2025년 12월말) (2024년 12월말) (2023년 12월말) [유동자산] 34,375 27,615 49,483","
 1. 요약재무정보 
 
 가. 요약 연결재무정보 
",시그네틱스,반도체,https://kind.krx.co.kr/external/2026/03/19/000876/20260319003819/11011.htm,20260319003819,2026-09-13T06:31:25.119897+00:00,III. 재무에 관한 사항 / 요약재무정보
2024,영업이익,-25834000000,"-25,834",백만원,연결,,"(단위 :  백만원) 구 분 제63기 제62기 제61기 (2025년 12월말) (2024년 12월말) (2023년 12월말) [유동자산] 34,375 27,615 49,483","
 1. 요약재무정보 
 
 가. 요약 연결재무정보 
",시그네틱스,반도체,https://kind.krx.co.kr/external/2026/03/19/000876/20260319003819/11011.htm,20260319003819,2026-09-13T06:31:25.119897+00:00,III. 재무에 관한 사항 / 요약재무정보
2023,영업이익,-14999000000,"-14,999",백만원,연결,,"(단위 :  백만원) 구 분 제63기 제62기 제61기 (2025년 12월말) (2024년 12월말) (2023년 12월말) [유동자산] 34,375 27,615 49,483","
 1. 요약재무정보 
 
 가. 요약 연결재무정보 
",시그네틱스,반도체,https://kind.krx.co.kr/external/2026/03/19/000876/20260319003819/11011.htm,20260319003819,2026-09-13T06:31:25.119897+00:00,III. 재무에 관한 사항 / 요약재무정보
2025,매출액,13929868000000,"13,929,868",백만원,연결,,"구 분 제 41 기 (2025년 12월말) 제 40 기 (2024년 12월말) 제 39 기 (2023년 12월말) [유동자산] 9,405,729 9,003,787 8,160,301 ㆍ현금및현금성자산 1,558,981 1,668,766 1,787,695 ㆍ단기금융상품 4,821,251 4,355,282 3,703,537","
 1. 요약재무정보 
 
 가. 요약 연결재무정보 *삼성에스디에스 주식회사와 그 종속회사  
 
 
 
 
 
 
 
 (단위 : 백만원) 
 
 
 
",삼성SDS,IT·플랫폼·게임,https://kind.krx.co.kr/external/2026/03/10/001757/20260310003888/11011.htm,20260310003888,2026-09-13T06:43:56.294552+00:00,III. 재무에 관한 사항 / 요약재무정보
2024,매출액,13828232000000,"13,828,232",백만원,연결,,"구 분 제 41 기 (2025년 12월말) 제 40 기 (2024년 12월말) 제 39 기 (2023년 12월말) [유동자산] 9,405,729 9,003,787 8,160,301 ㆍ현금및현금성자산 1,558,981 1,668,766 1,787,695 ㆍ단기금융상품 4,821,251 4,355,282 3,703,537","
 1. 요약재무정보 
 
 가. 요약 연결재무정보 *삼성에스디에스 주식회사와 그 종속회사  
 
 
 
 
 
 
 
 (단위 : 백만원) 
 
 
 
",삼성SDS,IT·플랫폼·게임,https://kind.krx.co.kr/external/2026/03/10/001757/20260310003888/11011.htm,20260310003888,2026-09-13T06:43:56.294552+00:00,III. 재무에 관한 사항 / 요약재무정보
2023,매출액,13276844000000,"13,276,844",백만원,연결,,"구 분 제 41 기 (2025년 12월말) 제 40 기 (2024년 12월말) 제 39 기 (2023년 12월말) [유동자산] 9,405,729 9,003,787 8,160,301 ㆍ현금및현금성자산 1,558,981 1,668,766 1,787,695 ㆍ단기금융상품 4,821,251 4,355,282 3,703,537","
 1. 요약재무정보 
 
 가. 요약 연결재무정보 *삼성에스디에스 주식회사와 그 종속회사  
 
 
 
 
 
 
 
 (단위 : 백만원) 
 
 
 
",삼성SDS,IT·플랫폼·게임,https://kind.krx.co.kr/external/2026/03/10/001757/20260310003888/11011.htm,20260310003888,2026-09-13T06:43:56.294552+00:00,III. 재무에 관한 사항 / 요약재무정보
2025,영업이익,957103000000,"957,103",백만원,연결,,"구 분 제 41 기 (2025년 12월말) 제 40 기 (2024년 12월말) 제 39 기 (2023년 12월말) [유동자산] 9,405,729 9,003,787 8,160,301 ㆍ현금및현금성자산 1,558,981 1,668,766 1,787,695 ㆍ단기금융상품 4,821,251 4,355,282 3,703,537","
 1. 요약재무정보 
 
 가. 요약 연결재무정보 *삼성에스디에스 주식회사와 그 종속회사  
 
 
 
 
 
 
 
 (단위 : 백만원) 
 
 
 
",삼성SDS,IT·플랫폼·게임,https://kind.krx.co.kr/external/2026/03/10/001757/20260310003888/11011.htm,20260310003888,2026-09-13T06:43:56.294552+00:00,III. 재무에 관한 사항 / 요약재무정보
2024,영업이익,911097000000,"911,097",백만원,연결,,"구 분 제 41 기 (2025년 12월말) 제 40 기 (2024년 12월말) 제 39 기 (2023년 12월말) [유동자산] 9,405,729 9,003,787 8,160,301 ㆍ현금및현금성자산 1,558,981 1,668,766 1,787,695 ㆍ단기금융상품 4,821,251 4,355,282 3,703,537","
 1. 요약재무정보 
 
 가. 요약 연결재무정보 *삼성에스디에스 주식회사와 그 종속회사  
 
 
 
 
 
 
 
 (단위 : 백만원) 
 
 
 
",삼성SDS,IT·플랫폼·게임,https://kind.krx.co.kr/external/2026/03/10/001757/20260310003888/11011.htm,20260310003888,2026-09-13T06:43:56.294552+00:00,III. 재무에 관한 사항 / 요약재무정보
2023,영업이익,808231000000,"808,231",백만원,연결,,"구 분 제 41 기 (2025년 12월말) 제 40 기 (2024년 12월말) 제 39 기 (2023년 12월말) [유동자산] 9,405,729 9,003,787 8,160,301 ㆍ현금및현금성자산 1,558,981 1,668,766 1,787,695 ㆍ단기금융상품 4,821,251 4,355,282 3,703,537","
 1. 요약재무정보 
 
 가. 요약 연결재무정보 *삼성에스디에스 주식회사와 그 종속회사  
 
 
 
 
 
 
 
 (단위 : 백만원) 
 
 
 
",삼성SDS,IT·플랫폼·게임,https://kind.krx.co.kr/external/2026/03/10/001757/20260310003888/11011.htm,20260310003888,2026-09-13T06:43:56.294552+00:00,III. 재무에 관한 사항 / 요약재무정보
2025,매출액,8085475740,"8,085,475,740",원,연결,,"구분 제25기 제24기 [유동자산] 5,686,700,033 1,034,078,506 당좌자산 5,310,567,502 976,205,913 재고자산 376,132,531 57,872,593","
 1. 요약재무정보 
 
 (1) 요약연결재무정보 
 
 
 
 
 
 
 
 
 (단위: 원) 
 
 
 
",틸론,IT·플랫폼·게임,https://kind.krx.co.kr/external/2026/03/23/002305/20260323009693/11011.htm,20260323009693,2026-09-13T06:43:55.356475+00:00,III. 재무에 관한 사항 / 요약재무정보
2024,매출액,7664284649,"7,664,284,649",원,연결,,"구분 제25기 제24기 [유동자산] 5,686,700,033 1,034,078,506 당좌자산 5,310,567,502 976,205,913 재고자산 376,132,531 57,872,593","
 1. 요약재무정보 
 
 (1) 요약연결재무정보 
 
 
 
 
 
 
 
 
 (단위: 원) 
 
 
 
",틸론,IT·플랫폼·게임,https://kind.krx.co.kr/external/2026/03/23/002305/20260323009693/11011.htm,20260323009693,2026-09-13T06:43:55.356475+00:00,III. 재무에 관한 사항 / 요약재무정보
2025,영업이익,-600401522,"(600,401,522)",원,연결,,"구분 제25기 제24기 [유동자산] 5,686,700,033 1,034,078,506 당좌자산 5,310,567,502 976,205,913 재고자산 376,132,531 57,872,593","
 1. 요약재무정보 
 
 (1) 요약연결재무정보 
 
 
 
 
 
 
 
 
 (단위: 원) 
 
 
 
",틸론,IT·플랫폼·게임,https://kind.krx.co.kr/external/2026/03/23/002305/20260323009693/11011.htm,20260323009693,2026-09-13T06:43:55.356475+00:00,III. 재무에 관한 사항 / 요약재무정보
2024,영업이익,-296460759,"(296,460,759)",원,연결,,"구분 제25기 제24기 [유동자산] 5,686,700,033 1,034,078,506 당좌자산 5,310,567,502 976,205,913 재고자산 376,132,531 57,872,593","
 1. 요약재무정보 
 
 (1) 요약연결재무정보 
 
 
 
 
 
 
 
 
 (단위: 원) 
 
 
 
",틸론,IT·플랫폼·게임,https://kind.krx.co.kr/external/2026/03/23/002305/20260323009693/11011.htm,20260323009693,2026-09-13T06:43:55.356475+00:00,III. 재무에 관한 사항 / 요약재무정보
2025,매출액,572026600945,"572,026,600,945",원,연결,,"구 분 제 45 기 (당기) 제 44 기 (전기) 제 43 기 (전전기) (2025년 12월말) (2024년 12월말) (2023년 12월말) [유동자산] 195,416,435,502 178,460,103,663 150,205,047,035 ㆍ현금및현금성자산 84,763,377,195 67,902,237,642 62,171,179,099","
 1. 요약재무정보 
 
 가. 요약연결재무정보 
 
 
 
 
 
 
 ( 단위 : 원) 
 
 
 
",아이티센엔텍,IT·플랫폼·게임,https://kind.krx.co.kr/external/2026/03/18/002340/20260318010956/11011.htm,20260318010956,2026-09-13T06:43:56.100170+00:00,III. 재무에 관한 사항 / 요약재무정보
2024,매출액,441775895300,"441,775,895,300",원,연결,,"구 분 제 45 기 (당기) 제 44 기 (전기) 제 43 기 (전전기) (2025년 12월말) (2024년 12월말) (2023년 12월말) [유동자산] 195,416,435,502 178,460,103,663 150,205,047,035 ㆍ현금및현금성자산 84,763,377,195 67,902,237,642 62,171,179,099","
 1. 요약재무정보 
 
 가. 요약연결재무정보 
 
 
 
 
 
 
 ( 단위 : 원) 
 
 
 
",아이티센엔텍,IT·플랫폼·게임,https://kind.krx.co.kr/external/2026/03/18/002340/20260318010956/11011.htm,20260318010956,2026-09-13T06:43:56.100170+00:00,III. 재무에 관한 사항 / 요약재무정보
2023,매출액,392451834235,"392,451,834,235",원,연결,,"구 분 제 45 기 (당기) 제 44 기 (전기) 제 43 기 (전전기) (2025년 12월말) (2024년 12월말) (2023년 12월말) [유동자산] 195,416,435,502 178,460,103,663 150,205,047,035 ㆍ현금및현금성자산 84,763,377,195 67,902,237,642 62,171,179,099","
 1. 요약재무정보 
 
 가. 요약연결재무정보 
 
 
 
 
 
 
 ( 단위 : 원) 
 
 
 
",아이티센엔텍,IT·플랫폼·게임,https://kind.krx.co.kr/external/2026/03/18/002340/20260318010956/11011.htm,20260318010956,2026-09-13T06:43:56.100170+00:00,III. 재무에 관한 사항 / 요약재무정보
2025,영업이익,20871338299,"20,871,338,299",원,연결,,"구 분 제 45 기 (당기) 제 44 기 (전기) 제 43 기 (전전기) (2025년 12월말) (2024년 12월말) (2023년 12월말) [유동자산] 195,416,435,502 178,460,103,663 150,205,047,035 ㆍ현금및현금성자산 84,763,377,195 67,902,237,642 62,171,179,099","
 1. 요약재무정보 
 
 가. 요약연결재무정보 
 
 
 
 
 
 
 ( 단위 : 원) 
 
 
 
",아이티센엔텍,IT·플랫폼·게임,https://kind.krx.co.kr/external/2026/03/18/002340/20260318010956/11011.htm,20260318010956,2026-09-13T06:43:56.100170+00:00,III. 재무에 관한 사항 / 요약재무정보
2024,영업이익,9437606751,"9,437,606,751",원,연결,,"구 분 제 45 기 (당기) 제 44 기 (전기) 제 43 기 (전전기) (2025년 12월말) (2024년 12월말) (2023년 12월말) [유동자산] 195,416,435,502 178,460,103,663 150,205,047,035 ㆍ현금및현금성자산 84,763,377,195 67,902,237,642 62,171,179,099","
 1. 요약재무정보 
 
 가. 요약연결재무정보 
 
 
 
 
 
 
 ( 단위 : 원) 
 
 
 
",아이티센엔텍,IT·플랫폼·게임,https://kind.krx.co.kr/external/2026/03/18/002340/20260318010956/11011.htm,20260318010956,2026-09-13T06:43:56.100170+00:00,III. 재무에 관한 사항 / 요약재무정보
2023,영업이익,8408970900,"8,408,970,900",원,연결,,"구 분 제 45 기 (당기) 제 44 기 (전기) 제 43 기 (전전기) (2025년 12월말) (2024년 12월말) (2023년 12월말) [유동자산] 195,416,435,502 178,460,103,663 150,205,047,035 ㆍ현금및현금성자산 84,763,377,195 67,902,237,642 62,171,179,099","
 1. 요약재무정보 
 
 가. 요약연결재무정보 
 
 
 
 
 
 
 ( 단위 : 원) 
 
 
 
",아이티센엔텍,IT·플랫폼·게임,https://kind.krx.co.kr/external/2026/03/18/002340/20260318010956/11011.htm,20260318010956,2026-09-13T06:43:56.100170+00:00,III. 재무에 관한 사항 / 요약재무정보
2025,매출액,465019000000,"465,019",백만원,연결,,"구 분 제13기 (2025.12.31) 제12기 (2024.12.31) 제11기 (2023.12.31) 자 산 [유동자산] 941,159 1,069,084 1,020,760 ㆍ당좌자산 894,463 665,246 806,777","
 
 1. 요약재무정보 
 
 가. 요약 연결 재무정보 
 
 
 
 
 
 
 (단위: 백만원) 
 
 
 
",카카오게임즈,IT·플랫폼·게임,https://kind.krx.co.kr/external/2026/03/18/002425/20260318011299/11011.htm,20260318011299,2026-09-13T06:45:36.987660+00:00,III. 재무에 관한 사항 / 요약재무정보
2024,매출액,627227000000,"627,227",백만원,연결,,"구 분 제13기 (2025.12.31) 제12기 (2024.12.31) 제11기 (2023.12.31) 자 산 [유동자산] 941,159 1,069,084 1,020,760 ㆍ당좌자산 894,463 665,246 806,777","
 
 1. 요약재무정보 
 
 가. 요약 연결 재무정보 
 
 
 
 
 
 
 (단위: 백만원) 
 
 
 
",카카오게임즈,IT·플랫폼·게임,https://kind.krx.co.kr/external/2026/03/18/002425/20260318011299/11011.htm,20260318011299,2026-09-13T06:45:36.987660+00:00,III. 재무에 관한 사항 / 요약재무정보
2023,매출액,725821000000,"725,821",백만원,연결,,"구 분 제13기 (2025.12.31) 제12기 (2024.12.31) 제11기 (2023.12.31) 자 산 [유동자산] 941,159 1,069,084 1,020,760 ㆍ당좌자산 894,463 665,246 806,777","
 
 1. 요약재무정보 
 
 가. 요약 연결 재무정보 
 
 
 
 
 
 
 (단위: 백만원) 
 
 
 
",카카오게임즈,IT·플랫폼·게임,https://kind.krx.co.kr/external/2026/03/18/002425/20260318011299/11011.htm,20260318011299,2026-09-13T06:45:36.987660+00:00,III. 재무에 관한 사항 / 요약재무정보
2025,영업이익,-39591000000,"(39,591)",백만원,연결,,"구 분 제13기 (2025.12.31) 제12기 (2024.12.31) 제11기 (2023.12.31) 자 산 [유동자산] 941,159 1,069,084 1,020,760 ㆍ당좌자산 894,463 665,246 806,777","
 
 1. 요약재무정보 
 
 가. 요약 연결 재무정보 
 
 
 
 
 
 
 (단위: 백만원) 
 
 
 
",카카오게임즈,IT·플랫폼·게임,https://kind.krx.co.kr/external/2026/03/18/002425/20260318011299/11011.htm,20260318011299,2026-09-13T06:45:36.987660+00:00,III. 재무에 관한 사항 / 요약재무정보
2024,영업이익,19149000000,"19,149",백만원,연결,,"구 분 제13기 (2025.12.31) 제12기 (2024.12.31) 제11기 (2023.12.31) 자 산 [유동자산] 941,159 1,069,084 1,020,760 ㆍ당좌자산 894,463 665,246 806,777","
 
 1. 요약재무정보 
 
 가. 요약 연결 재무정보 
 
 
 
 
 
 
 (단위: 백만원) 
 
 
 
",카카오게임즈,IT·플랫폼·게임,https://kind.krx.co.kr/external/2026/03/18/002425/20260318011299/11011.htm,20260318011299,2026-09-13T06:45:36.987660+00:00,III. 재무에 관한 사항 / 요약재무정보
2023,영업이익,75389000000,"75,389",백만원,연결,,"구 분 제13기 (2025.12.31) 제12기 (2024.12.31) 제11기 (2023.12.31) 자 산 [유동자산] 941,159 1,069,084 1,020,760 ㆍ당좌자산 894,463 665,246 806,777","
 
 1. 요약재무정보 
 
 가. 요약 연결 재무정보 
 
 
 
 
 
 
 (단위: 백만원) 
 
 
 
",카카오게임즈,IT·플랫폼·게임,https://kind.krx.co.kr/external/2026/03/18/002425/20260318011299/11011.htm,20260318011299,2026-09-13T06:45:36.987660+00:00,III. 재무에 관한 사항 / 요약재무정보
2025,매출액,232116354000,"232,116,354",천원,별도,,"구             분 제16기 제15기 제14기 매출액 232,116,354 218,567,206 198,227,865 영업이익 13,666,240 12,640,986 10,381,323 법인세비용차감전순이익 13,635,981 21,120,820 14,393,147","[이익잉여금] 
 121,089,430 
 107,603,955 
 91,222,807 
 
 
 자      본      총      계 
 137,559,405 
 124,078,772 
 107,788,387 
 
 
 부  채  및  자  본  총  계 
 224,367,055 
 217,010,318 
 176,186,078 
 
 
 
 
 나. 요약 포괄손익계산서 (기준일 :   2025년 12월 31일)                                                           (단위 : 천원) 
 연결재무제표 절: 해당사항 없습니다. 3. 연결재무제표 주석 해당사항 없습니다. 4. 재무제표 4-1. 재무상태표 재무상태표 제 16 기          2025.12.31 현재 제 15 기          2024.12.31 현재 제 14 기          2023.12.31 현재 (단위 : 원) 제 16 기 제 15 기 제 14 기 자산",네오오토,자동차·부품,https://kind.krx.co.kr/external/2026/03/19/001976/20260319008242/11011.htm,20260319008242,2026-09-13T06:43:56.122987+00:00,III. 재무에 관한 사항 / 요약재무정보
2024,매출액,218567206000,"218,567,206",천원,별도,,"구             분 제16기 제15기 제14기 매출액 232,116,354 218,567,206 198,227,865 영업이익 13,666,240 12,640,986 10,381,323 법인세비용차감전순이익 13,635,981 21,120,820 14,393,147","[이익잉여금] 
 121,089,430 
 107,603,955 
 91,222,807 
 
 
 자      본      총      계 
 137,559,405 
 124,078,772 
 107,788,387 
 
 
 부  채  및  자  본  총  계 
 224,367,055 
 217,010,318 
 176,186,078 
 
 
 
 
 나. 요약 포괄손익계산서 (기준일 :   2025년 12월 31일)                                                           (단위 : 천원) 
 연결재무제표 절: 해당사항 없습니다. 3. 연결재무제표 주석 해당사항 없습니다. 4. 재무제표 4-1. 재무상태표 재무상태표 제 16 기          2025.12.31 현재 제 15 기          2024.12.31 현재 제 14 기          2023.12.31 현재 (단위 : 원) 제 16 기 제 15 기 제 14 기 자산",네오오토,자동차·부품,https://kind.krx.co.kr/external/2026/03/19/001976/20260319008242/11011.htm,20260319008242,2026-09-13T06:43:56.122987+00:00,III. 재무에 관한 사항 / 요약재무정보
2023,매출액,198227865000,"198,227,865",천원,별도,,"구             분 제16기 제15기 제14기 매출액 232,116,354 218,567,206 198,227,865 영업이익 13,666,240 12,640,986 10,381,323 법인세비용차감전순이익 13,635,981 21,120,820 14,393,147","[이익잉여금] 
 121,089,430 
 107,603,955 
 91,222,807 
 
 
 자      본      총      계 
 137,559,405 
 124,078,772 
 107,788,387 
 
 
 부  채  및  자  본  총  계 
 224,367,055 
 217,010,318 
 176,186,078 
 
 
 
 
 나. 요약 포괄손익계산서 (기준일 :   2025년 12월 31일)                                                           (단위 : 천원) 
 연결재무제표 절: 해당사항 없습니다. 3. 연결재무제표 주석 해당사항 없습니다. 4. 재무제표 4-1. 재무상태표 재무상태표 제 16 기          2025.12.31 현재 제 15 기          2024.12.31 현재 제 14 기          2023.12.31 현재 (단위 : 원) 제 16 기 제 15 기 제 14 기 자산",네오오토,자동차·부품,https://kind.krx.co.kr/external/2026/03/19/001976/20260319008242/11011.htm,20260319008242,2026-09-13T06:43:56.122987+00:00,III. 재무에 관한 사항 / 요약재무정보
2025,영업이익,13666240000,"13,666,240",천원,별도,,"구             분 제16기 제15기 제14기 매출액 232,116,354 218,567,206 198,227,865 영업이익 13,666,240 12,640,986 10,381,323 법인세비용차감전순이익 13,635,981 21,120,820 14,393,147","[이익잉여금] 
 121,089,430 
 107,603,955 
 91,222,807 
 
 
 자      본      총      계 
 137,559,405 
 124,078,772 
 107,788,387 
 
 
 부  채  및  자  본  총  계 
 224,367,055 
 217,010,318 
 176,186,078 
 
 
 
 
 나. 요약 포괄손익계산서 (기준일 :   2025년 12월 31일)                                                           (단위 : 천원) 
 연결재무제표 절: 해당사항 없습니다. 3. 연결재무제표 주석 해당사항 없습니다. 4. 재무제표 4-1. 재무상태표 재무상태표 제 16 기          2025.12.31 현재 제 15 기          2024.12.31 현재 제 14 기          2023.12.31 현재 (단위 : 원) 제 16 기 제 15 기 제 14 기 자산",네오오토,자동차·부품,https://kind.krx.co.kr/external/2026/03/19/001976/20260319008242/11011.htm,20260319008242,2026-09-13T06:43:56.122987+00:00,III. 재무에 관한 사항 / 요약재무정보
2024,영업이익,12640986000,"12,640,986",천원,별도,,"구             분 제16기 제15기 제14기 매출액 232,116,354 218,567,206 198,227,865 영업이익 13,666,240 12,640,986 10,381,323 법인세비용차감전순이익 13,635,981 21,120,820 14,393,147","[이익잉여금] 
 121,089,430 
 107,603,955 
 91,222,807 
 
 
 자      본      총      계 
 137,559,405 
 124,078,772 
 107,788,387 
 
 
 부  채  및  자  본  총  계 
 224,367,055 
 217,010,318 
 176,186,078 
 
 
 
 
 나. 요약 포괄손익계산서 (기준일 :   2025년 12월 31일)                                                           (단위 : 천원) 
 연결재무제표 절: 해당사항 없습니다. 3. 연결재무제표 주석 해당사항 없습니다. 4. 재무제표 4-1. 재무상태표 재무상태표 제 16 기          2025.12.31 현재 제 15 기          2024.12.31 현재 제 14 기          2023.12.31 현재 (단위 : 원) 제 16 기 제 15 기 제 14 기 자산",네오오토,자동차·부품,https://kind.krx.co.kr/external/2026/03/19/001976/20260319008242/11011.htm,20260319008242,2026-09-13T06:43:56.122987+00:00,III. 재무에 관한 사항 / 요약재무정보
2023,영업이익,10381323000,"10,381,323",천원,별도,,"구             분 제16기 제15기 제14기 매출액 232,116,354 218,567,206 198,227,865 영업이익 13,666,240 12,640,986 10,381,323 법인세비용차감전순이익 13,635,981 21,120,820 14,393,147","[이익잉여금] 
 121,089,430 
 107,603,955 
 91,222,807 
 
 
 자      본      총      계 
 137,559,405 
 124,078,772 
 107,788,387 
 
 
 부  채  및  자  본  총  계 
 224,367,055 
 217,010,318 
 176,186,078 
 
 
 
 
 나. 요약 포괄손익계산서 (기준일 :   2025년 12월 31일)                                                           (단위 : 천원) 
 연결재무제표 절: 해당사항 없습니다. 3. 연결재무제표 주석 해당사항 없습니다. 4. 재무제표 4-1. 재무상태표 재무상태표 제 16 기          2025.12.31 현재 제 15 기          2024.12.31 현재 제 14 기          2023.12.31 현재 (단위 : 원) 제 16 기 제 15 기 제 14 기 자산",네오오토,자동차·부품,https://kind.krx.co.kr/external/2026/03/19/001976/20260319008242/11011.htm,20260319008242,2026-09-13T06:43:56.122987+00:00,III. 재무에 관한 사항 / 요약재무정보
2025,매출액,271044291000,"271,044,291",천원,연결,공시의 요약재무정보에 의견거절 표시가 있음,"구 분 제29기말 제28기말 제27기말 [유동자산] 104,020,028 98,025,988 124,757,416 ㆍ당좌자산 47,965,987 49,780,369 57,579,183 ㆍ재고자산 56,054,041 48,245,619 67,178,233","
 1. 요약재무정보 
 
 ※ 하기의 요약 재무제표는 한국채택국제회계기준(K-IFRS)에 따라 작성된 재무제표입니다. 제29기 재무제표는 외부감사인의 ""의견거절""이 표명된 재무제표이며, 제28기 및 제27기 재무제표도 외부감사인의 ""의견거절""이 표명된 재무제표입니다. 
 (1) 요약 연결재무정보 
 
 
 
 
 
 
 주식회사 코다코와 그 종속회사                                                            (단위 : 천원) 
 
 
 
",코다코,자동차·부품,https://kind.krx.co.kr/external/2026/03/23/002586/20260323010913/11011.htm,20260323010913,2026-09-13T06:45:37.710090+00:00,III. 재무에 관한 사항 / 요약재무정보
2024,매출액,251427529000,"251,427,529",천원,연결,공시의 요약재무정보에 의견거절 표시가 있음,"구 분 제29기말 제28기말 제27기말 [유동자산] 104,020,028 98,025,988 124,757,416 ㆍ당좌자산 47,965,987 49,780,369 57,579,183 ㆍ재고자산 56,054,041 48,245,619 67,178,233","
 1. 요약재무정보 
 
 ※ 하기의 요약 재무제표는 한국채택국제회계기준(K-IFRS)에 따라 작성된 재무제표입니다. 제29기 재무제표는 외부감사인의 ""의견거절""이 표명된 재무제표이며, 제28기 및 제27기 재무제표도 외부감사인의 ""의견거절""이 표명된 재무제표입니다. 
 (1) 요약 연결재무정보 
 
 
 
 
 
 
 주식회사 코다코와 그 종속회사                                                            (단위 : 천원) 
 
 
 
",코다코,자동차·부품,https://kind.krx.co.kr/external/2026/03/23/002586/20260323010913/11011.htm,20260323010913,2026-09-13T06:45:37.710090+00:00,III. 재무에 관한 사항 / 요약재무정보
2023,매출액,293285556000,"293,285,556",천원,연결,공시의 요약재무정보에 의견거절 표시가 있음,"구 분 제29기말 제28기말 제27기말 [유동자산] 104,020,028 98,025,988 124,757,416 ㆍ당좌자산 47,965,987 49,780,369 57,579,183 ㆍ재고자산 56,054,041 48,245,619 67,178,233","
 1. 요약재무정보 
 
 ※ 하기의 요약 재무제표는 한국채택국제회계기준(K-IFRS)에 따라 작성된 재무제표입니다. 제29기 재무제표는 외부감사인의 ""의견거절""이 표명된 재무제표이며, 제28기 및 제27기 재무제표도 외부감사인의 ""의견거절""이 표명된 재무제표입니다. 
 (1) 요약 연결재무정보 
 
 
 
 
 
 
 주식회사 코다코와 그 종속회사                                                            (단위 : 천원) 
 
 
 
",코다코,자동차·부품,https://kind.krx.co.kr/external/2026/03/23/002586/20260323010913/11011.htm,20260323010913,2026-09-13T06:45:37.710090+00:00,III. 재무에 관한 사항 / 요약재무정보
2025,영업이익,401653000,"401,653",천원,연결,공시의 요약재무정보에 의견거절 표시가 있음,"구 분 제29기말 제28기말 제27기말 [유동자산] 104,020,028 98,025,988 124,757,416 ㆍ당좌자산 47,965,987 49,780,369 57,579,183 ㆍ재고자산 56,054,041 48,245,619 67,178,233","
 1. 요약재무정보 
 
 ※ 하기의 요약 재무제표는 한국채택국제회계기준(K-IFRS)에 따라 작성된 재무제표입니다. 제29기 재무제표는 외부감사인의 ""의견거절""이 표명된 재무제표이며, 제28기 및 제27기 재무제표도 외부감사인의 ""의견거절""이 표명된 재무제표입니다. 
 (1) 요약 연결재무정보 
 
 
 
 
 
 
 주식회사 코다코와 그 종속회사                                                            (단위 : 천원) 
 
 
 
",코다코,자동차·부품,https://kind.krx.co.kr/external/2026/03/23/002586/20260323010913/11011.htm,20260323010913,2026-09-13T06:45:37.710090+00:00,III. 재무에 관한 사항 / 요약재무정보
2024,영업이익,-37117168000,"(37,117,168)",천원,연결,공시의 요약재무정보에 의견거절 표시가 있음,"구 분 제29기말 제28기말 제27기말 [유동자산] 104,020,028 98,025,988 124,757,416 ㆍ당좌자산 47,965,987 49,780,369 57,579,183 ㆍ재고자산 56,054,041 48,245,619 67,178,233","
 1. 요약재무정보 
 
 ※ 하기의 요약 재무제표는 한국채택국제회계기준(K-IFRS)에 따라 작성된 재무제표입니다. 제29기 재무제표는 외부감사인의 ""의견거절""이 표명된 재무제표이며, 제28기 및 제27기 재무제표도 외부감사인의 ""의견거절""이 표명된 재무제표입니다. 
 (1) 요약 연결재무정보 
 
 
 
 
 
 
 주식회사 코다코와 그 종속회사                                                            (단위 : 천원) 
 
 
 
",코다코,자동차·부품,https://kind.krx.co.kr/external/2026/03/23/002586/20260323010913/11011.htm,20260323010913,2026-09-13T06:45:37.710090+00:00,III. 재무에 관한 사항 / 요약재무정보
2023,영업이익,-67389105000,"(67,389,105)",천원,연결,공시의 요약재무정보에 의견거절 표시가 있음,"구 분 제29기말 제28기말 제27기말 [유동자산] 104,020,028 98,025,988 124,757,416 ㆍ당좌자산 47,965,987 49,780,369 57,579,183 ㆍ재고자산 56,054,041 48,245,619 67,178,233","
 1. 요약재무정보 
 
 ※ 하기의 요약 재무제표는 한국채택국제회계기준(K-IFRS)에 따라 작성된 재무제표입니다. 제29기 재무제표는 외부감사인의 ""의견거절""이 표명된 재무제표이며, 제28기 및 제27기 재무제표도 외부감사인의 ""의견거절""이 표명된 재무제표입니다. 
 (1) 요약 연결재무정보 
 
 
 
 
 
 
 주식회사 코다코와 그 종속회사                                                            (단위 : 천원) 
 
 
 
",코다코,자동차·부품,https://kind.krx.co.kr/external/2026/03/23/002586/20260323010913/11011.htm,20260323010913,2026-09-13T06:45:37.710090+00:00,III. 재무에 관한 사항 / 요약재무정보
2025,매출액,243521604086,"243,521,604,086",원,연결,,"제 30(당) 기 제 29(전) 기 제 28(전전) 기 매출액 243,521,604,086 194,360,449,325 169,274,188,884 영업이익(손실) 11,607,786,887 6,307,217,775 4,058,130,289 법인세비용차감전순이익 12,808,383,792 8,424,676,336 6,056,475,528","
 
 
 
 
 요약 연결 포괄손익계산서 
 
 
 
 
 제 30(당) 기         2025.01.01 부터 2025.12.31 까지 
 
 
 
 
 제 29(전) 기         2024.01.01 부터 2024.12.31 까지 
 
 
 
 
 제 28(전전) 기      2023.01.01 부터 2023.12.31 까지 
 
 
 
 
 (단위 : 원) 
 
 
 
 
",성창오토텍,자동차·부품,https://kind.krx.co.kr/external/2026/03/19/001732/20260319007073/11011.htm,20260319007073,2026-09-13T06:45:37.608488+00:00,III. 재무에 관한 사항 / 요약재무정보
2024,매출액,194360449325,"194,360,449,325",원,연결,,"제 30(당) 기 제 29(전) 기 제 28(전전) 기 매출액 243,521,604,086 194,360,449,325 169,274,188,884 영업이익(손실) 11,607,786,887 6,307,217,775 4,058,130,289 법인세비용차감전순이익 12,808,383,792 8,424,676,336 6,056,475,528","
 
 
 
 
 요약 연결 포괄손익계산서 
 
 
 
 
 제 30(당) 기         2025.01.01 부터 2025.12.31 까지 
 
 
 
 
 제 29(전) 기         2024.01.01 부터 2024.12.31 까지 
 
 
 
 
 제 28(전전) 기      2023.01.01 부터 2023.12.31 까지 
 
 
 
 
 (단위 : 원) 
 
 
 
 
",성창오토텍,자동차·부품,https://kind.krx.co.kr/external/2026/03/19/001732/20260319007073/11011.htm,20260319007073,2026-09-13T06:45:37.608488+00:00,III. 재무에 관한 사항 / 요약재무정보
2023,매출액,169274188884,"169,274,188,884",원,연결,,"제 30(당) 기 제 29(전) 기 제 28(전전) 기 매출액 243,521,604,086 194,360,449,325 169,274,188,884 영업이익(손실) 11,607,786,887 6,307,217,775 4,058,130,289 법인세비용차감전순이익 12,808,383,792 8,424,676,336 6,056,475,528","
 
 
 
 
 요약 연결 포괄손익계산서 
 
 
 
 
 제 30(당) 기         2025.01.01 부터 2025.12.31 까지 
 
 
 
 
 제 29(전) 기         2024.01.01 부터 2024.12.31 까지 
 
 
 
 
 제 28(전전) 기      2023.01.01 부터 2023.12.31 까지 
 
 
 
 
 (단위 : 원) 
 
 
 
 
",성창오토텍,자동차·부품,https://kind.krx.co.kr/external/2026/03/19/001732/20260319007073/11011.htm,20260319007073,2026-09-13T06:45:37.608488+00:00,III. 재무에 관한 사항 / 요약재무정보
2025,영업이익,11607786887,"11,607,786,887",원,연결,,"제 30(당) 기 제 29(전) 기 제 28(전전) 기 매출액 243,521,604,086 194,360,449,325 169,274,188,884 영업이익(손실) 11,607,786,887 6,307,217,775 4,058,130,289 법인세비용차감전순이익 12,808,383,792 8,424,676,336 6,056,475,528","
 
 
 
 
 요약 연결 포괄손익계산서 
 
 
 
 
 제 30(당) 기         2025.01.01 부터 2025.12.31 까지 
 
 
 
 
 제 29(전) 기         2024.01.01 부터 2024.12.31 까지 
 
 
 
 
 제 28(전전) 기      2023.01.01 부터 2023.12.31 까지 
 
 
 
 
 (단위 : 원) 
 
 
 
 
",성창오토텍,자동차·부품,https://kind.krx.co.kr/external/2026/03/19/001732/20260319007073/11011.htm,20260319007073,2026-09-13T06:45:37.608488+00:00,III. 재무에 관한 사항 / 요약재무정보
2024,영업이익,6307217775,"6,307,217,775",원,연결,,"제 30(당) 기 제 29(전) 기 제 28(전전) 기 매출액 243,521,604,086 194,360,449,325 169,274,188,884 영업이익(손실) 11,607,786,887 6,307,217,775 4,058,130,289 법인세비용차감전순이익 12,808,383,792 8,424,676,336 6,056,475,528","
 
 
 
 
 요약 연결 포괄손익계산서 
 
 
 
 
 제 30(당) 기         2025.01.01 부터 2025.12.31 까지 
 
 
 
 
 제 29(전) 기         2024.01.01 부터 2024.12.31 까지 
 
 
 
 
 제 28(전전) 기      2023.01.01 부터 2023.12.31 까지 
 
 
 
 
 (단위 : 원) 
 
 
 
 
",성창오토텍,자동차·부품,https://kind.krx.co.kr/external/2026/03/19/001732/20260319007073/11011.htm,20260319007073,2026-09-13T06:45:37.608488+00:00,III. 재무에 관한 사항 / 요약재무정보
2023,영업이익,4058130289,"4,058,130,289",원,연결,,"제 30(당) 기 제 29(전) 기 제 28(전전) 기 매출액 243,521,604,086 194,360,449,325 169,274,188,884 영업이익(손실) 11,607,786,887 6,307,217,775 4,058,130,289 법인세비용차감전순이익 12,808,383,792 8,424,676,336 6,056,475,528","
 
 
 
 
 요약 연결 포괄손익계산서 
 
 
 
 
 제 30(당) 기         2025.01.01 부터 2025.12.31 까지 
 
 
 
 
 제 29(전) 기         2024.01.01 부터 2024.12.31 까지 
 
 
 
 
 제 28(전전) 기      2023.01.01 부터 2023.12.31 까지 
 
 
 
 
 (단위 : 원) 
 
 
 
 
",성창오토텍,자동차·부품,https://kind.krx.co.kr/external/2026/03/19/001732/20260319007073/11011.htm,20260319007073,2026-09-13T06:45:37.608488+00:00,III. 재무에 관한 사항 / 요약재무정보
2025,매출액,368608811121,"368,608,811,121",원,연결,,"과                   목 제31기 제30기 제29기 자                     산 Ⅰ.유동자산 127,601,741,795 129,843,426,010 116,302,633,484 1.현금및현금성자산 21,541,164,901 13,134,772,319 13,900,523,188","
 1. 요약재무정보 
 
 가. 요약 연결 재무정보 제31기 및 제30기, 제29기 요약 연결 재무제표는 한국채택국제회계기준 작성기준에 따라 작성되었습니다. 
 회사명 : 우수AMS주식회사와 그 종속회사 
 
 
 
 
 
 
 (단위 : 원) 
 
 
 
",우수AMS,자동차·부품,https://kind.krx.co.kr/external/2026/03/11/001591/20260311003829/11011.htm,20260311003829,2026-09-13T06:45:37.606816+00:00,III. 재무에 관한 사항 / 요약재무정보
2024,매출액,354215329745,"354,215,329,745",원,연결,,"과                   목 제31기 제30기 제29기 자                     산 Ⅰ.유동자산 127,601,741,795 129,843,426,010 116,302,633,484 1.현금및현금성자산 21,541,164,901 13,134,772,319 13,900,523,188","
 1. 요약재무정보 
 
 가. 요약 연결 재무정보 제31기 및 제30기, 제29기 요약 연결 재무제표는 한국채택국제회계기준 작성기준에 따라 작성되었습니다. 
 회사명 : 우수AMS주식회사와 그 종속회사 
 
 
 
 
 
 
 (단위 : 원) 
 
 
 
",우수AMS,자동차·부품,https://kind.krx.co.kr/external/2026/03/11/001591/20260311003829/11011.htm,20260311003829,2026-09-13T06:45:37.606816+00:00,III. 재무에 관한 사항 / 요약재무정보
2023,매출액,347995612773,"347,995,612,773",원,연결,,"과                   목 제31기 제30기 제29기 자                     산 Ⅰ.유동자산 127,601,741,795 129,843,426,010 116,302,633,484 1.현금및현금성자산 21,541,164,901 13,134,772,319 13,900,523,188","
 1. 요약재무정보 
 
 가. 요약 연결 재무정보 제31기 및 제30기, 제29기 요약 연결 재무제표는 한국채택국제회계기준 작성기준에 따라 작성되었습니다. 
 회사명 : 우수AMS주식회사와 그 종속회사 
 
 
 
 
 
 
 (단위 : 원) 
 
 
 
",우수AMS,자동차·부품,https://kind.krx.co.kr/external/2026/03/11/001591/20260311003829/11011.htm,20260311003829,2026-09-13T06:45:37.606816+00:00,III. 재무에 관한 사항 / 요약재무정보
2025,영업이익,451203342,"451,203,342",원,연결,,"과                   목 제31기 제30기 제29기 자                     산 Ⅰ.유동자산 127,601,741,795 129,843,426,010 116,302,633,484 1.현금및현금성자산 21,541,164,901 13,134,772,319 13,900,523,188","
 1. 요약재무정보 
 
 가. 요약 연결 재무정보 제31기 및 제30기, 제29기 요약 연결 재무제표는 한국채택국제회계기준 작성기준에 따라 작성되었습니다. 
 회사명 : 우수AMS주식회사와 그 종속회사 
 
 
 
 
 
 
 (단위 : 원) 
 
 
 
",우수AMS,자동차·부품,https://kind.krx.co.kr/external/2026/03/11/001591/20260311003829/11011.htm,20260311003829,2026-09-13T06:45:37.606816+00:00,III. 재무에 관한 사항 / 요약재무정보
2024,영업이익,9048785590,"9,048,785,590",원,연결,,"과                   목 제31기 제30기 제29기 자                     산 Ⅰ.유동자산 127,601,741,795 129,843,426,010 116,302,633,484 1.현금및현금성자산 21,541,164,901 13,134,772,319 13,900,523,188","
 1. 요약재무정보 
 
 가. 요약 연결 재무정보 제31기 및 제30기, 제29기 요약 연결 재무제표는 한국채택국제회계기준 작성기준에 따라 작성되었습니다. 
 회사명 : 우수AMS주식회사와 그 종속회사 
 
 
 
 
 
 
 (단위 : 원) 
 
 
 
",우수AMS,자동차·부품,https://kind.krx.co.kr/external/2026/03/11/001591/20260311003829/11011.htm,20260311003829,2026-09-13T06:45:37.606816+00:00,III. 재무에 관한 사항 / 요약재무정보
2023,영업이익,8384697540,"8,384,697,540",원,연결,,"과                   목 제31기 제30기 제29기 자                     산 Ⅰ.유동자산 127,601,741,795 129,843,426,010 116,302,633,484 1.현금및현금성자산 21,541,164,901 13,134,772,319 13,900,523,188","
 1. 요약재무정보 
 
 가. 요약 연결 재무정보 제31기 및 제30기, 제29기 요약 연결 재무제표는 한국채택국제회계기준 작성기준에 따라 작성되었습니다. 
 회사명 : 우수AMS주식회사와 그 종속회사 
 
 
 
 
 
 
 (단위 : 원) 
 
 
 
",우수AMS,자동차·부품,https://kind.krx.co.kr/external/2026/03/11/001591/20260311003829/11011.htm,20260311003829,2026-09-13T06:45:37.606816+00:00,III. 재무에 관한 사항 / 요약재무정보
2025,매출액,13672512814,"13,672,512,814",원,별도,,"과          목 제29기 (2025년 12월말) 제28기 (2024년 12월말) 제27기 (2023년 12월말) 회계처리 기준 K-IFRS K-IFRS K-IFRS [유동자산] 11,373,162,091 12,568,571,477 12,258,787,279 ㆍ당좌자산 10,433,523,356 10,920,898,337 11,363,652,064","
 
 1. 요약재무정보 
 
 
 
 
 
 
 
 (단위 : 원) 
 
 
 
 연결재무제표 절: 당사는 보고서 제출일 현재 해당사항이 없습니다. 3. 연결재무제표 주석 당사는 보고서 제출일 현재 해당사항이 없습니다. 4. 재무제표 4-1. 재무상태표 재무상태표 제 29 기          2025.12.31 현재 제 28 기          2024.12.31 현재 제 27 기          2023.12.31 현재 (단위 : 원) 제 29 기 제 28 기 제 27 기 자산",선바이오,바이오·제약,https://kind.krx.co.kr/external/2026/03/16/001248/20260316003916/11011.htm,20260316003916,2026-09-13T06:43:56.660619+00:00,III. 재무에 관한 사항 / 요약재무정보
2024,매출액,8682778981,"8,682,778,981",원,별도,,"과          목 제29기 (2025년 12월말) 제28기 (2024년 12월말) 제27기 (2023년 12월말) 회계처리 기준 K-IFRS K-IFRS K-IFRS [유동자산] 11,373,162,091 12,568,571,477 12,258,787,279 ㆍ당좌자산 10,433,523,356 10,920,898,337 11,363,652,064","
 
 1. 요약재무정보 
 
 
 
 
 
 
 
 (단위 : 원) 
 
 
 
 연결재무제표 절: 당사는 보고서 제출일 현재 해당사항이 없습니다. 3. 연결재무제표 주석 당사는 보고서 제출일 현재 해당사항이 없습니다. 4. 재무제표 4-1. 재무상태표 재무상태표 제 29 기          2025.12.31 현재 제 28 기          2024.12.31 현재 제 27 기          2023.12.31 현재 (단위 : 원) 제 29 기 제 28 기 제 27 기 자산",선바이오,바이오·제약,https://kind.krx.co.kr/external/2026/03/16/001248/20260316003916/11011.htm,20260316003916,2026-09-13T06:43:56.660619+00:00,III. 재무에 관한 사항 / 요약재무정보
2023,매출액,12291883598,"12,291,883,598",원,별도,,"과          목 제29기 (2025년 12월말) 제28기 (2024년 12월말) 제27기 (2023년 12월말) 회계처리 기준 K-IFRS K-IFRS K-IFRS [유동자산] 11,373,162,091 12,568,571,477 12,258,787,279 ㆍ당좌자산 10,433,523,356 10,920,898,337 11,363,652,064","
 
 1. 요약재무정보 
 
 
 
 
 
 
 
 (단위 : 원) 
 
 
 
 연결재무제표 절: 당사는 보고서 제출일 현재 해당사항이 없습니다. 3. 연결재무제표 주석 당사는 보고서 제출일 현재 해당사항이 없습니다. 4. 재무제표 4-1. 재무상태표 재무상태표 제 29 기          2025.12.31 현재 제 28 기          2024.12.31 현재 제 27 기          2023.12.31 현재 (단위 : 원) 제 29 기 제 28 기 제 27 기 자산",선바이오,바이오·제약,https://kind.krx.co.kr/external/2026/03/16/001248/20260316003916/11011.htm,20260316003916,2026-09-13T06:43:56.660619+00:00,III. 재무에 관한 사항 / 요약재무정보
2025,영업이익,5036101422,"5,036,101,422",원,별도,,"과          목 제29기 (2025년 12월말) 제28기 (2024년 12월말) 제27기 (2023년 12월말) 회계처리 기준 K-IFRS K-IFRS K-IFRS [유동자산] 11,373,162,091 12,568,571,477 12,258,787,279 ㆍ당좌자산 10,433,523,356 10,920,898,337 11,363,652,064","
 
 1. 요약재무정보 
 
 
 
 
 
 
 
 (단위 : 원) 
 
 
 
 연결재무제표 절: 당사는 보고서 제출일 현재 해당사항이 없습니다. 3. 연결재무제표 주석 당사는 보고서 제출일 현재 해당사항이 없습니다. 4. 재무제표 4-1. 재무상태표 재무상태표 제 29 기          2025.12.31 현재 제 28 기          2024.12.31 현재 제 27 기          2023.12.31 현재 (단위 : 원) 제 29 기 제 28 기 제 27 기 자산",선바이오,바이오·제약,https://kind.krx.co.kr/external/2026/03/16/001248/20260316003916/11011.htm,20260316003916,2026-09-13T06:43:56.660619+00:00,III. 재무에 관한 사항 / 요약재무정보
2024,영업이익,-533240318,"(533,240,318)",원,별도,,"과          목 제29기 (2025년 12월말) 제28기 (2024년 12월말) 제27기 (2023년 12월말) 회계처리 기준 K-IFRS K-IFRS K-IFRS [유동자산] 11,373,162,091 12,568,571,477 12,258,787,279 ㆍ당좌자산 10,433,523,356 10,920,898,337 11,363,652,064","
 
 1. 요약재무정보 
 
 
 
 
 
 
 
 (단위 : 원) 
 
 
 
 연결재무제표 절: 당사는 보고서 제출일 현재 해당사항이 없습니다. 3. 연결재무제표 주석 당사는 보고서 제출일 현재 해당사항이 없습니다. 4. 재무제표 4-1. 재무상태표 재무상태표 제 29 기          2025.12.31 현재 제 28 기          2024.12.31 현재 제 27 기          2023.12.31 현재 (단위 : 원) 제 29 기 제 28 기 제 27 기 자산",선바이오,바이오·제약,https://kind.krx.co.kr/external/2026/03/16/001248/20260316003916/11011.htm,20260316003916,2026-09-13T06:43:56.660619+00:00,III. 재무에 관한 사항 / 요약재무정보
2023,영업이익,5192339957,"5,192,339,957",원,별도,,"과          목 제29기 (2025년 12월말) 제28기 (2024년 12월말) 제27기 (2023년 12월말) 회계처리 기준 K-IFRS K-IFRS K-IFRS [유동자산] 11,373,162,091 12,568,571,477 12,258,787,279 ㆍ당좌자산 10,433,523,356 10,920,898,337 11,363,652,064","
 
 1. 요약재무정보 
 
 
 
 
 
 
 
 (단위 : 원) 
 
 
 
 연결재무제표 절: 당사는 보고서 제출일 현재 해당사항이 없습니다. 3. 연결재무제표 주석 당사는 보고서 제출일 현재 해당사항이 없습니다. 4. 재무제표 4-1. 재무상태표 재무상태표 제 29 기          2025.12.31 현재 제 28 기          2024.12.31 현재 제 27 기          2023.12.31 현재 (단위 : 원) 제 29 기 제 28 기 제 27 기 자산",선바이오,바이오·제약,https://kind.krx.co.kr/external/2026/03/16/001248/20260316003916/11011.htm,20260316003916,2026-09-13T06:43:56.660619+00:00,III. 재무에 관한 사항 / 요약재무정보
2025,매출액,100817000000,"100,817",백만원,별도,,"구 분 제45기 제44기 제43기 [유동자산] 130,943 133,789 136,629 현금및현금성자산 61,469 54,106 66,825 단기금융상품 - - 5,020","
 1. 요약재무정보 
 
 가. 요약 재무정보 
 
 
 
 
 
 
 (단위 : 백만원) 
 
 
 
 연결재무제표 절: - 해당사항 없음. 3. 연결재무제표 주석 - 해당사항 없음. 4. 재무제표 4-1. 재무상태표 재무상태표 제 45 기          2025.12.31 현재 제 44 기          2024.12.31 현재 제 43 기          2023.12.31 현재 (단위 : 원) 제 45 기 제 44 기 제 43 기 자산",화일약품,바이오·제약,https://kind.krx.co.kr/external/2026/03/16/001159/20260316003662/11011.htm,20260316003662,2026-09-13T06:43:56.601074+00:00,III. 재무에 관한 사항 / 요약재무정보
2024,매출액,119764000000,"119,764",백만원,별도,,"구 분 제45기 제44기 제43기 [유동자산] 130,943 133,789 136,629 현금및현금성자산 61,469 54,106 66,825 단기금융상품 - - 5,020","
 1. 요약재무정보 
 
 가. 요약 재무정보 
 
 
 
 
 
 
 (단위 : 백만원) 
 
 
 
 연결재무제표 절: - 해당사항 없음. 3. 연결재무제표 주석 - 해당사항 없음. 4. 재무제표 4-1. 재무상태표 재무상태표 제 45 기          2025.12.31 현재 제 44 기          2024.12.31 현재 제 43 기          2023.12.31 현재 (단위 : 원) 제 45 기 제 44 기 제 43 기 자산",화일약품,바이오·제약,https://kind.krx.co.kr/external/2026/03/16/001159/20260316003662/11011.htm,20260316003662,2026-09-13T06:43:56.601074+00:00,III. 재무에 관한 사항 / 요약재무정보
2023,매출액,122541000000,"122,541",백만원,별도,,"구 분 제45기 제44기 제43기 [유동자산] 130,943 133,789 136,629 현금및현금성자산 61,469 54,106 66,825 단기금융상품 - - 5,020","
 1. 요약재무정보 
 
 가. 요약 재무정보 
 
 
 
 
 
 
 (단위 : 백만원) 
 
 
 
 연결재무제표 절: - 해당사항 없음. 3. 연결재무제표 주석 - 해당사항 없음. 4. 재무제표 4-1. 재무상태표 재무상태표 제 45 기          2025.12.31 현재 제 44 기          2024.12.31 현재 제 43 기          2023.12.31 현재 (단위 : 원) 제 45 기 제 44 기 제 43 기 자산",화일약품,바이오·제약,https://kind.krx.co.kr/external/2026/03/16/001159/20260316003662/11011.htm,20260316003662,2026-09-13T06:43:56.601074+00:00,III. 재무에 관한 사항 / 요약재무정보
2025,영업이익,-2280000000,"-2,280",백만원,별도,,"구 분 제45기 제44기 제43기 [유동자산] 130,943 133,789 136,629 현금및현금성자산 61,469 54,106 66,825 단기금융상품 - - 5,020","
 1. 요약재무정보 
 
 가. 요약 재무정보 
 
 
 
 
 
 
 (단위 : 백만원) 
 
 
 
 연결재무제표 절: - 해당사항 없음. 3. 연결재무제표 주석 - 해당사항 없음. 4. 재무제표 4-1. 재무상태표 재무상태표 제 45 기          2025.12.31 현재 제 44 기          2024.12.31 현재 제 43 기          2023.12.31 현재 (단위 : 원) 제 45 기 제 44 기 제 43 기 자산",화일약품,바이오·제약,https://kind.krx.co.kr/external/2026/03/16/001159/20260316003662/11011.htm,20260316003662,2026-09-13T06:43:56.601074+00:00,III. 재무에 관한 사항 / 요약재무정보
2024,영업이익,755000000,755,백만원,별도,,"구 분 제45기 제44기 제43기 [유동자산] 130,943 133,789 136,629 현금및현금성자산 61,469 54,106 66,825 단기금융상품 - - 5,020","
 1. 요약재무정보 
 
 가. 요약 재무정보 
 
 
 
 
 
 
 (단위 : 백만원) 
 
 
 
 연결재무제표 절: - 해당사항 없음. 3. 연결재무제표 주석 - 해당사항 없음. 4. 재무제표 4-1. 재무상태표 재무상태표 제 45 기          2025.12.31 현재 제 44 기          2024.12.31 현재 제 43 기          2023.12.31 현재 (단위 : 원) 제 45 기 제 44 기 제 43 기 자산",화일약품,바이오·제약,https://kind.krx.co.kr/external/2026/03/16/001159/20260316003662/11011.htm,20260316003662,2026-09-13T06:43:56.601074+00:00,III. 재무에 관한 사항 / 요약재무정보
2023,영업이익,2047000000,"2,047",백만원,별도,,"구 분 제45기 제44기 제43기 [유동자산] 130,943 133,789 136,629 현금및현금성자산 61,469 54,106 66,825 단기금융상품 - - 5,020","
 1. 요약재무정보 
 
 가. 요약 재무정보 
 
 
 
 
 
 
 (단위 : 백만원) 
 
 
 
 연결재무제표 절: - 해당사항 없음. 3. 연결재무제표 주석 - 해당사항 없음. 4. 재무제표 4-1. 재무상태표 재무상태표 제 45 기          2025.12.31 현재 제 44 기          2024.12.31 현재 제 43 기          2023.12.31 현재 (단위 : 원) 제 45 기 제 44 기 제 43 기 자산",화일약품,바이오·제약,https://kind.krx.co.kr/external/2026/03/16/001159/20260316003662/11011.htm,20260316003662,2026-09-13T06:43:56.601074+00:00,III. 재무에 관한 사항 / 요약재무정보
2025,매출액,210253000000,"210,253",백만원,연결,,"구 분 제73기 (2025년12월31일) 제72기 (2024년12월31일) 제71기 (2023년12월31일) [유동자산] 81,958 91,346 81,115 ㆍ현금및현금성자산 6,412 5,137 906 ㆍ매출채권및기타채권 35,664 35,779 35,900","
 
 
 
 
 
  순번 
 당기 연결에 포함된 회사 (2025년) 
 전기 연결에 포함된 회사 (2024년) 
 
 
 1 
 SAMIL PHARMACEUTICAL COMPANY LIMITED 
 SAMIL PHARMACEUTICAL COMPANY LIMITED 
 
 
 2 
 SAMIL PHARMACEUTICAL NORTH AMERICA CO., LTD 
 SAMIL PHARMACEUTICAL NORTH AMERICA CO., LTD 
 
 
 
 
 가. 요약 연결 재무정보                                                                                                     (단위 : 백만원)
 
",삼일제약,바이오·제약,https://kind.krx.co.kr/external/2026/03/18/002338/20260318010945/11011.htm,20260318010945,2026-09-13T06:43:57.737519+00:00,III. 재무에 관한 사항 / 요약재무정보
2024,매출액,219700000000,"219,700",백만원,연결,,"구 분 제73기 (2025년12월31일) 제72기 (2024년12월31일) 제71기 (2023년12월31일) [유동자산] 81,958 91,346 81,115 ㆍ현금및현금성자산 6,412 5,137 906 ㆍ매출채권및기타채권 35,664 35,779 35,900","
 
 
 
 
 
  순번 
 당기 연결에 포함된 회사 (2025년) 
 전기 연결에 포함된 회사 (2024년) 
 
 
 1 
 SAMIL PHARMACEUTICAL COMPANY LIMITED 
 SAMIL PHARMACEUTICAL COMPANY LIMITED 
 
 
 2 
 SAMIL PHARMACEUTICAL NORTH AMERICA CO., LTD 
 SAMIL PHARMACEUTICAL NORTH AMERICA CO., LTD 
 
 
 
 
 가. 요약 연결 재무정보                                                                                                     (단위 : 백만원)
 
",삼일제약,바이오·제약,https://kind.krx.co.kr/external/2026/03/18/002338/20260318010945/11011.htm,20260318010945,2026-09-13T06:43:57.737519+00:00,III. 재무에 관한 사항 / 요약재무정보
2023,매출액,196345000000,"196,345",백만원,연결,,"구 분 제73기 (2025년12월31일) 제72기 (2024년12월31일) 제71기 (2023년12월31일) [유동자산] 81,958 91,346 81,115 ㆍ현금및현금성자산 6,412 5,137 906 ㆍ매출채권및기타채권 35,664 35,779 35,900","
 
 
 
 
 
  순번 
 당기 연결에 포함된 회사 (2025년) 
 전기 연결에 포함된 회사 (2024년) 
 
 
 1 
 SAMIL PHARMACEUTICAL COMPANY LIMITED 
 SAMIL PHARMACEUTICAL COMPANY LIMITED 
 
 
 2 
 SAMIL PHARMACEUTICAL NORTH AMERICA CO., LTD 
 SAMIL PHARMACEUTICAL NORTH AMERICA CO., LTD 
 
 
 
 
 가. 요약 연결 재무정보                                                                                                     (단위 : 백만원)
 
",삼일제약,바이오·제약,https://kind.krx.co.kr/external/2026/03/18/002338/20260318010945/11011.htm,20260318010945,2026-09-13T06:43:57.737519+00:00,III. 재무에 관한 사항 / 요약재무정보
2025,영업이익,-22212000000,"(22,212)",백만원,연결,,"구 분 제73기 (2025년12월31일) 제72기 (2024년12월31일) 제71기 (2023년12월31일) [유동자산] 81,958 91,346 81,115 ㆍ현금및현금성자산 6,412 5,137 906 ㆍ매출채권및기타채권 35,664 35,779 35,900","
 
 
 
 
 
  순번 
 당기 연결에 포함된 회사 (2025년) 
 전기 연결에 포함된 회사 (2024년) 
 
 
 1 
 SAMIL PHARMACEUTICAL COMPANY LIMITED 
 SAMIL PHARMACEUTICAL COMPANY LIMITED 
 
 
 2 
 SAMIL PHARMACEUTICAL NORTH AMERICA CO., LTD 
 SAMIL PHARMACEUTICAL NORTH AMERICA CO., LTD 
 
 
 
 
 가. 요약 연결 재무정보                                                                                                     (단위 : 백만원)
 
",삼일제약,바이오·제약,https://kind.krx.co.kr/external/2026/03/18/002338/20260318010945/11011.htm,20260318010945,2026-09-13T06:43:57.737519+00:00,III. 재무에 관한 사항 / 요약재무정보
2024,영업이익,113000000,113,백만원,연결,,"구 분 제73기 (2025년12월31일) 제72기 (2024년12월31일) 제71기 (2023년12월31일) [유동자산] 81,958 91,346 81,115 ㆍ현금및현금성자산 6,412 5,137 906 ㆍ매출채권및기타채권 35,664 35,779 35,900","
 
 
 
 
 
  순번 
 당기 연결에 포함된 회사 (2025년) 
 전기 연결에 포함된 회사 (2024년) 
 
 
 1 
 SAMIL PHARMACEUTICAL COMPANY LIMITED 
 SAMIL PHARMACEUTICAL COMPANY LIMITED 
 
 
 2 
 SAMIL PHARMACEUTICAL NORTH AMERICA CO., LTD 
 SAMIL PHARMACEUTICAL NORTH AMERICA CO., LTD 
 
 
 
 
 가. 요약 연결 재무정보                                                                                                     (단위 : 백만원)
 
",삼일제약,바이오·제약,https://kind.krx.co.kr/external/2026/03/18/002338/20260318010945/11011.htm,20260318010945,2026-09-13T06:43:57.737519+00:00,III. 재무에 관한 사항 / 요약재무정보
2023,영업이익,6471000000,"6,471",백만원,연결,,"구 분 제73기 (2025년12월31일) 제72기 (2024년12월31일) 제71기 (2023년12월31일) [유동자산] 81,958 91,346 81,115 ㆍ현금및현금성자산 6,412 5,137 906 ㆍ매출채권및기타채권 35,664 35,779 35,900","
 
 
 
 
 
  순번 
 당기 연결에 포함된 회사 (2025년) 
 전기 연결에 포함된 회사 (2024년) 
 
 
 1 
 SAMIL PHARMACEUTICAL COMPANY LIMITED 
 SAMIL PHARMACEUTICAL COMPANY LIMITED 
 
 
 2 
 SAMIL PHARMACEUTICAL NORTH AMERICA CO., LTD 
 SAMIL PHARMACEUTICAL NORTH AMERICA CO., LTD 
 
 
 
 
 가. 요약 연결 재무정보                                                                                                     (단위 : 백만원)
 
",삼일제약,바이오·제약,https://kind.krx.co.kr/external/2026/03/18/002338/20260318010945/11011.htm,20260318010945,2026-09-13T06:43:57.737519+00:00,III. 재무에 관한 사항 / 요약재무정보
2025,매출액,536400308882,"536,400,308,882",원,별도,,"과             목 제26기 제25기 제24기 (2025년 12월말) (2024년 12월말) (2023년 12월말) 유동자산 470,598,232,919 391,673,280,914 364,831,000,307 현금및현금성자산 49,871,871,397 45,479,669,646 19,710,549,631","
 
 1. 요약재무정보 
 
 
 
 
 
 
 
 
 (단위 : 원) 
 
 
 
 연결재무제표 절: 해당사항 없습니다. 3. 연결재무제표 주석 해당사항 없습니다. 4. 재무제표 4-1. 재무상태표 재무상태표 제 26 기          2025.12.31 현재 제 25 기          2024.12.31 현재 제 24 기          2023.12.31 현재 (단위 : 원) 제 26 기 제 25 기 제 24 기 자산",셀트리온제약,바이오·제약,https://kind.krx.co.kr/external/2026/03/16/002144/20260316006140/11011.htm,20260316006140,2026-09-13T06:45:42.198943+00:00,III. 재무에 관한 사항 / 요약재무정보
2024,매출액,477835307770,"477,835,307,770",원,별도,,"과             목 제26기 제25기 제24기 (2025년 12월말) (2024년 12월말) (2023년 12월말) 유동자산 470,598,232,919 391,673,280,914 364,831,000,307 현금및현금성자산 49,871,871,397 45,479,669,646 19,710,549,631","
 
 1. 요약재무정보 
 
 
 
 
 
 
 
 
 (단위 : 원) 
 
 
 
 연결재무제표 절: 해당사항 없습니다. 3. 연결재무제표 주석 해당사항 없습니다. 4. 재무제표 4-1. 재무상태표 재무상태표 제 26 기          2025.12.31 현재 제 25 기          2024.12.31 현재 제 24 기          2023.12.31 현재 (단위 : 원) 제 26 기 제 25 기 제 24 기 자산",셀트리온제약,바이오·제약,https://kind.krx.co.kr/external/2026/03/16/002144/20260316006140/11011.htm,20260316006140,2026-09-13T06:45:42.198943+00:00,III. 재무에 관한 사항 / 요약재무정보
2023,매출액,388794335490,"388,794,335,490",원,별도,,"과             목 제26기 제25기 제24기 (2025년 12월말) (2024년 12월말) (2023년 12월말) 유동자산 470,598,232,919 391,673,280,914 364,831,000,307 현금및현금성자산 49,871,871,397 45,479,669,646 19,710,549,631","
 
 1. 요약재무정보 
 
 
 
 
 
 
 
 
 (단위 : 원) 
 
 
 
 연결재무제표 절: 해당사항 없습니다. 3. 연결재무제표 주석 해당사항 없습니다. 4. 재무제표 4-1. 재무상태표 재무상태표 제 26 기          2025.12.31 현재 제 25 기          2024.12.31 현재 제 24 기          2023.12.31 현재 (단위 : 원) 제 26 기 제 25 기 제 24 기 자산",셀트리온제약,바이오·제약,https://kind.krx.co.kr/external/2026/03/16/002144/20260316006140/11011.htm,20260316006140,2026-09-13T06:45:42.198943+00:00,III. 재무에 관한 사항 / 요약재무정보
2025,영업이익,56091784420,"56,091,784,420",원,별도,,"과             목 제26기 제25기 제24기 (2025년 12월말) (2024년 12월말) (2023년 12월말) 유동자산 470,598,232,919 391,673,280,914 364,831,000,307 현금및현금성자산 49,871,871,397 45,479,669,646 19,710,549,631","
 
 1. 요약재무정보 
 
 
 
 
 
 
 
 
 (단위 : 원) 
 
 
 
 연결재무제표 절: 해당사항 없습니다. 3. 연결재무제표 주석 해당사항 없습니다. 4. 재무제표 4-1. 재무상태표 재무상태표 제 26 기          2025.12.31 현재 제 25 기          2024.12.31 현재 제 24 기          2023.12.31 현재 (단위 : 원) 제 26 기 제 25 기 제 24 기 자산",셀트리온제약,바이오·제약,https://kind.krx.co.kr/external/2026/03/16/002144/20260316006140/11011.htm,20260316006140,2026-09-13T06:45:42.198943+00:00,III. 재무에 관한 사항 / 요약재무정보
2024,영업이익,37222949682,"37,222,949,682",원,별도,,"과             목 제26기 제25기 제24기 (2025년 12월말) (2024년 12월말) (2023년 12월말) 유동자산 470,598,232,919 391,673,280,914 364,831,000,307 현금및현금성자산 49,871,871,397 45,479,669,646 19,710,549,631","
 
 1. 요약재무정보 
 
 
 
 
 
 
 
 
 (단위 : 원) 
 
 
 
 연결재무제표 절: 해당사항 없습니다. 3. 연결재무제표 주석 해당사항 없습니다. 4. 재무제표 4-1. 재무상태표 재무상태표 제 26 기          2025.12.31 현재 제 25 기          2024.12.31 현재 제 24 기          2023.12.31 현재 (단위 : 원) 제 26 기 제 25 기 제 24 기 자산",셀트리온제약,바이오·제약,https://kind.krx.co.kr/external/2026/03/16/002144/20260316006140/11011.htm,20260316006140,2026-09-13T06:45:42.198943+00:00,III. 재무에 관한 사항 / 요약재무정보
2023,영업이익,36070715954,"36,070,715,954",원,별도,,"과             목 제26기 제25기 제24기 (2025년 12월말) (2024년 12월말) (2023년 12월말) 유동자산 470,598,232,919 391,673,280,914 364,831,000,307 현금및현금성자산 49,871,871,397 45,479,669,646 19,710,549,631","
 
 1. 요약재무정보 
 
 
 
 
 
 
 
 
 (단위 : 원) 
 
 
 
 연결재무제표 절: 해당사항 없습니다. 3. 연결재무제표 주석 해당사항 없습니다. 4. 재무제표 4-1. 재무상태표 재무상태표 제 26 기          2025.12.31 현재 제 25 기          2024.12.31 현재 제 24 기          2023.12.31 현재 (단위 : 원) 제 26 기 제 25 기 제 24 기 자산",셀트리온제약,바이오·제약,https://kind.krx.co.kr/external/2026/03/16/002144/20260316006140/11011.htm,20260316006140,2026-09-13T06:45:42.198943+00:00,III. 재무에 관한 사항 / 요약재무정보
